ID,label
0,0.4058226517918645
1,0.1527396793579489
2,0.25138808596687917
3,0.3198013465891711
4,0.3585230173534475
5,0.21153060863853607
6,0.1522817800193224
7,0.2796616673850582
8,0.4662231151237302
9,0.44128439340043896
10,0.20249944800507624
11,0.15056244159933493
12,0.23414636644811787
13,0.29089201811953774
14,0.24232330618258258
15,0.1644654664312151
16,0.3229790153921763
17,0.27123923439707126
18,0.24728728021737384
19,0.23543778643781857
20,0.2689776969330109
21,0.2102554059047306
22,0.48195853715327736
23,0.23225416972263477
24,0.2463823258372779
25,0.21216634251113797
26,0.17900986683374892
27,0.2343852369100285
28,0.7314145107913168
29,0.4096203127158536
30,0.3350774441053962
31,0.25201868051061543
32,0.2915626089606725
33,0.448604970246938
34,0.3302701447682292
35,0.19442720891153104
36,0.3614428605089133
37,0.30657330418147066
38,0.1775052789912784
39,0.21364942278256924
40,0.2013839623177517
41,0.8971622058539136
42,0.21871052714386646
43,0.33900230989333935
44,0.19774643545308446
45,0.2232356410022813
46,0.21290814511542047
47,0.23221926222722372
48,0.9879410832760371
49,0.1700153977382413
50,0.578154681904146
51,0.32684233261096607
52,0.35771297949790953
53,0.419229515258463
54,0.6457686995850809
55,0.22631493330167193
56,0.3269531764659608
57,0.1536562470795616
58,0.09991298213626176
59,0.28653655895159613
60,0.20779480937151332
61,0.3553988158213282
62,0.46358432504573266
63,0.23218771944893768
64,0.2895602444517145
65,0.21248160503579633
66,0.28868089365793365
67,0.25812652491614396
68,0.24783395774194814
69,0.24440370616571216
70,0.17528003420440644
71,0.2038553483843073
72,0.15759145056326124
73,0.7311530641912699
74,0.5623664684336883
75,0.4307213869449515
76,0.3618350907332433
77,0.1780614660424748
78,0.24317201127630286
79,0.15580746070971255
80,0.2539146496729991
81,0.21747808223124063
82,0.3073885108598242
83,0.5509781810541342
84,0.24380777317076135
85,0.2318877286263664
86,0.2035650819221551
87,0.22192520800268975
88,0.26736436037664607
89,0.3385612942426535
90,0.13284732025920817
91,0.22901360596954806
92,0.7415864628765919
93,0.23637550664095258
94,0.19965854757880136
95,0.3300709563950759
96,0.3098722127080245
97,0.1444066269633172
98,0.6140704218189322
99,0.22852977913367348
100,0.3190486333257969
101,0.23428898925054326
102,0.11883677966127804
103,0.2021787289155616
104,0.2697213192297696
105,0.32601589125321345
106,0.2757337381219772
107,0.39551390374431866
108,0.4546980415433323
109,0.15150300113379944
110,0.12679662287790439
111,0.23413847224231366
112,0.3004058376829758
113,0.26448784338518894
114,0.13612250838178258
115,0.3810249877198975
116,0.1240626123177527
117,0.45034192822659674
118,0.9888403994526205
119,0.20918601522843244
120,0.29273914779664345
121,0.1543140849103699
122,0.24953718389459376
123,0.7243736438056204
124,0.3241889619308522
125,0.5128720953336592
126,0.18593589304985528
127,0.7358336732791924
128,0.177016261986697
129,0.19720711121226195
130,0.23593356124012785
131,0.30870314119149117
132,0.9879410832760371
133,0.15954414667296007
134,0.2064130533290067
135,0.18888548439929262
136,0.27745524928107007
137,0.1791560255585968
138,0.12290682950133346
139,0.4550837644200422
140,0.19332465225758788
141,0.19905638184913982
142,0.9879410832760371
143,0.48104524176719105
144,0.29359343057107795
145,0.22369690048261423
146,0.2558812572154331
147,0.1225065838880905
148,0.7008635037979701
149,0.8839531370916262
150,0.2616957526121174
151,0.2040925667587842
152,0.3018789535304545
153,0.23589900338158631
154,0.2728566225793316
155,0.43804615383480994
156,0.26897599036264724
157,0.23056342827107484
158,0.09672297367977266
159,0.20570055410906288
160,0.3190486333257969
161,0.3733235652639031
162,0.23539385565422544
163,0.09183253015173691
164,0.7121729779616267
165,0.20928523263742327
166,0.23926289528015965
167,0.28986237275244836
168,0.1810270993766159
169,0.4689359831686812
170,0.1537237696338137
171,0.08249064573319477
172,0.16786587748572898
173,0.2752791225880966
174,0.7690105107658902
175,0.3760319158931013
176,0.1945426960807282
177,0.17382828070057973
178,0.1434983798470243
179,0.12185498221278782
180,0.5072627408794068
181,0.24004213109745104
182,0.22826819452930078
183,0.2446924794554259
184,0.1694465485849638
185,0.16296773994959257
186,0.195358112982956
187,0.1318248034032869
188,0.1636403355094278
189,0.6007793638967999
190,0.48975969650419676
191,0.1583532564454218
192,0.7744812063282362
193,0.2786674860664121
194,0.18470745480942571
195,0.40860984658179406
196,0.2324658186234249
197,0.2141743571553953
198,0.11300088224483291
199,0.19490371472438603
200,0.20541772588984217
201,0.2211982154216636
202,0.62004512195648
203,0.4725200086269089
204,0.4217811040754938
205,0.21344381593014186
206,0.17533815035845193
207,0.7275753027640678
208,0.3102450296727396
209,0.26753604790583657
210,0.25996650088598805
211,0.6698021335688589
212,0.2680100924238902
213,0.34374578639990444
214,0.278331308535548
215,0.1991017935269587
216,0.10907477050948104
217,0.3176600622320024
218,0.1861985327695561
219,0.22769305663950326
220,0.26528512648061225
221,0.14227193649952496
222,0.5460617396776075
223,0.24592023193203683
224,0.2438226540977137
225,0.20314718941592233
226,0.15237421225570633
227,0.1214750463933051
228,0.6305012016381852
229,0.4112468465129704
230,0.26226433865082704
231,0.13382657396112252
232,0.2254230495929609
233,0.536531343469093
234,0.26880960887813554
235,0.1729143596660762
236,0.16360073260137395
237,0.2208497025856277
238,0.1852054482797401
239,0.1669882621237769
240,0.4262059550901307
241,0.2058975489191535
242,0.06884671574164035
243,0.4535070632808267
244,0.5159603669485977
245,0.30031373015013807
246,0.29390931401434883
247,0.08963953120349573
248,0.1799287820623384
249,0.14604945767557556
250,0.20176126315998566
251,0.1298759051520491
252,0.22485633645824357
253,0.175256350668854
254,0.21220090741013115
255,0.24607527749595895
256,0.1547549733658605
257,0.33279798952290573
258,0.22761972736756775
259,0.19824178606240953
260,0.16933842472287625
261,0.4741312258835635
262,0.38082871447864425
263,0.16415992842153962
264,0.27840048030896475
265,0.3256845993034923
266,0.7983256620425476
267,0.3123075548394001
268,0.15709346917351769
269,0.22226192040959392
270,0.09406780940336944
271,0.22588926177185106
272,0.39841779989331944
273,0.27719409834054637
274,0.22030132550708978
275,0.841209265544598
276,0.25009382972668975
277,0.4393106519383646
278,0.26892000215024053
279,0.1738833657453665
280,0.34859113404588116
281,0.10568221943093845
282,0.40502456383129665
283,0.23461380003746354
284,0.9879410832760371
285,0.1597823851281855
286,0.2515071299793543
287,0.21540923406749024
288,0.9316076149992011
289,0.13985770410285053
290,0.9244576154807169
291,0.4604810669495636
292,0.11807105101466943
293,0.5203786090239336
294,0.8179334915437998
295,0.2625475046512845
296,0.21888304085079707
297,0.6304744744451004
298,0.18464509145516814
299,0.593260686300128
300,0.43229913501237405
301,0.2133021761044397
302,0.23976513174431444
303,0.2913287556558787
304,0.9039776323708648
305,0.3253339937914595
306,0.17095807052147197
307,0.07536960064173757
308,0.31457337495620097
309,0.44034992298920184
310,0.9879410832760371
311,0.7124420818003987
312,0.4133127888675776
313,0.18904340420885155
314,0.3436463623065741
315,0.7373498484554816
316,0.26339682094321476
317,0.12472308467842907
318,0.7311284442846846
319,0.214751708662428
320,0.12175753080501216
321,0.277648147862953
322,0.18257350168055386
323,0.1984483504939817
324,0.9879410832760371
325,0.367660637365253
326,0.39845352962065583
327,0.7823115598688983
328,0.28951022246852315
329,0.1862444941136191
330,0.17816093913753908
331,0.2145448240577435
332,0.14585000069231105
333,0.837341928548439
334,0.24010948484003083
335,0.25390709301017383
336,0.17192880751481485
337,0.31989470472046416
338,0.1415292308862148
339,0.13297538769042708
340,0.2709781507785997
341,0.1598681061533835
342,0.3357824028485989
343,0.17772930704185377
344,0.21554987992645777
345,0.7998082179710385
346,0.30442091049824466
347,0.6308517397785165
348,0.1388497485682504
349,0.12533359038489975
350,0.44348797465986634
351,0.24071472039098352
352,0.24391622696852405
353,0.3847840902543025
354,0.1504495234026057
355,0.2031157991012656
356,0.34938920990138705
357,0.9888403994526205
358,0.21791773600282435
359,0.1303255668561436
360,0.31755184295141614
361,0.2122610146814688
362,0.18166512442714486
363,0.2636395736246032
364,0.5101690205908486
365,0.1915849997670194
366,0.13971729150488862
367,0.24339657943935133
368,0.1454141729018797
369,0.2472443895945817
370,0.17652422228258552
371,0.10300356566735476
372,0.22260199377289816
373,0.34700009354761524
374,0.23991358411963548
375,0.24242593046726105
376,0.23394149285965424
377,0.5052636508962136
378,0.17137323863681517
379,0.22014775870951991
380,0.3523892997559095
381,0.24216211949178765
382,0.3158481294950712
383,0.2396039940546949
384,0.173553126058223
385,0.33141081774741726
386,0.06427550150906648
387,0.09029398440917837
388,0.11279597079378183
389,0.7921525088364525
390,0.10903566559480968
391,0.17483265190301336
392,0.1943052271961995
393,0.12173107951362264
394,0.1805631838837619
395,0.3882101289559756
396,0.26577988725700963
397,0.5072923837955038
398,0.15356368961983513
399,0.19380205577045176
400,0.14054856193055063
401,0.16080617481895948
402,0.31150688329410225
403,0.1963661055401636
404,0.25604240784904697
405,0.20128265965762246
406,0.27756681842738024
407,0.4111367540737384
408,0.17017041600040494
409,0.19913414473496424
410,0.25059517887733757
411,0.17341725689596152
412,0.3060576695662687
413,0.3014366268669173
414,0.41114277979927233
415,0.33910882837926715
416,0.24464056600462228
417,0.2436520673764413
418,0.23470821867494485
419,0.1316051494079697
420,0.1666645238184284
421,0.12560506355709986
422,0.20963608035500836
423,0.6585889409045461
424,0.1725669235075887
425,0.1339961763669924
426,0.40066011874327156
427,0.5730309323948632
428,0.39471741263729504
429,0.5712082508078654
430,0.1723120242051827
431,0.7485710998054096
432,0.23242519593454494
433,0.19153135053820255
434,0.23775757479756215
435,0.23390443667538383
436,0.16007498231599898
437,0.5839045068946833
438,0.3011445983720035
439,0.3190486333257969
440,0.8253372879930408
441,0.10698581009955825
442,0.09819192981527407
443,0.31823252254306345
444,0.2808126689282836
445,0.23284415959058402
446,0.2796469016052531
447,0.15581085057289362
448,0.11146205201232219
449,0.2132447628534414
450,0.23494060212906615
451,0.33007303276605743
452,0.22649534599519958
453,0.39725833037814134
454,0.20659239346195452
455,0.12151551454359076
456,0.24562111123117342
457,0.12218489815753002
458,0.12536807172552342
459,0.20485940023557356
460,0.22791599838061036
461,0.21985099141641215
462,0.25866630485896047
463,0.2151446563578844
464,0.20135351439619606
465,0.7398840957662504
466,0.16626005530574903
467,0.3179060343884207
468,0.24168862335907598
469,0.26140264458408674
470,0.0951350295522013
471,0.24327929113240504
472,0.318187514825442
473,0.30295080276033776
474,0.2386669639037258
475,0.1961886178556101
476,0.9888403994526205
477,0.21044012244900523
478,0.22831867178241208
479,0.7389194724325171
480,0.27316268743272126
481,0.21411966072308525
482,0.5360574636700645
483,0.3534142273004837
484,0.4599225174059841
485,0.21820471989957074
486,0.22567599254500992
487,0.14046776144360065
488,0.13183833436537287
489,0.6026823797602445
490,0.7133649913783142
491,0.14650247952824696
492,0.3882777030134238
493,0.21373068924056285
494,0.2446841732226564
495,0.30533056260709557
496,0.4577680722395565
497,0.278428074517067
498,0.46556107578671374
499,0.1384216120957058
500,0.6273794277020661
501,0.2530379543038646
502,0.3293107311556956
503,0.1315776509458051
504,0.6615260830908645
505,0.16263058848623585
506,0.15227835787676772
507,0.23020169831605589
508,0.5597294995965418
509,0.23846618237205489
510,0.10375259633338266
511,0.24933719445469038
512,0.14427615740014357
513,0.38172728376565984
514,0.4130597350980711
515,0.3907238229951266
516,0.711825214421249
517,0.15424784809162592
518,0.34288828816076095
519,0.19688906624966757
520,0.28344796597596666
521,0.4753553295456011
522,0.2797271302224521
523,0.22491911730583017
524,0.11985865206983704
525,0.19305408851597702
526,0.2832311859856637
527,0.22884243443446214
528,0.3040067851247605
529,0.22718894819866042
530,0.7648585987198426
531,0.3321769352682422
532,0.30963390505277716
533,0.24130327187769862
534,0.47316436152153696
535,0.29982210596825776
536,0.3996918060875228
537,0.27607795108443234
538,0.6062674897110905
539,0.629683283019262
540,0.546157061602665
541,0.3597825137937409
542,0.19059634979890266
543,0.4097844461303656
544,0.21098968546870922
545,0.48270911109688275
546,0.5339354971180713
547,0.6546192927399469
548,0.2618153052239633
549,0.6722010599483256
550,0.22992992621172623
551,0.3948042570382408
552,0.16935153015549423
553,0.18401268433429555
554,0.16071059755292275
555,0.17135598817483172
556,0.16154197554424252
557,0.16156276393921917
558,0.40386106068619654
559,0.2974234677703891
560,0.5780527374159854
561,0.19226284714642686
562,0.36102640488300214
563,0.4249800231499189
564,0.234660376479429
565,0.20041932431102963
566,0.2834258573670892
567,0.157742703838339
568,0.12733834688773044
569,0.09926926777198117
570,0.6142929730173159
571,0.8813039763272732
572,0.22782582664412998
573,0.5551589567574033
574,0.2582272698164507
575,0.19027039716581828
576,0.2309344679012616
577,0.8997330431995362
578,0.1698090764430212
579,0.28187174503829804
580,0.6612101338092146
581,0.15666700874773593
582,0.11631740092929109
583,0.39988202406647416
584,0.1371214759580581
585,0.24235543013927283
586,0.6633588182959532
587,0.668165342471244
588,0.5389286879326616
589,0.2641099773216114
590,0.26746102195987576
591,0.48452237951801863
592,0.19191787013958814
593,0.16540572982642293
594,0.18227160791279826
595,0.36089665365859386
596,0.180382268460501
597,0.13041195645966125
598,0.16326170672381574
599,0.1560271333897475
600,0.14369850772021145
601,0.33650746468247406
602,0.8489851025319115
603,0.2305764597488091
604,0.5248967454215886
605,0.8373476866128399
606,0.3794592355778969
607,0.15651319298312047
608,0.17840258269583106
609,0.2406245618859364
610,0.3216176676621716
611,0.2012126522311183
612,0.39222754125767584
613,0.12539495058505856
614,0.44629747087729355
615,0.3776476070341936
616,0.2786724469230093
617,0.525202311323275
618,0.2656019890881234
619,0.41294779866590064
620,0.24249769485251
621,0.29513327958167057
622,0.3044886706595588
623,0.20579649336409314
624,0.31018693358076105
625,0.11456798077138476
626,0.2427959188932919
627,0.8772512136078416
628,0.7114829830252312
629,0.2650360693665783
630,0.20357508011584716
631,0.30840109161334284
632,0.2907437856230976
633,0.3124734424223028
634,0.19153019816615932
635,0.2461615033320005
636,0.18881710654424363
637,0.80999541164167
638,0.18653626456810038
639,0.2135526374396911
640,0.37762854572827786
641,0.2977874792305756
642,0.1626476513367851
643,0.18055523038306526
644,0.13275659654180116
645,0.396704492683309
646,0.11773094316688099
647,0.32582354019782794
648,0.4975530260012515
649,0.9589008288443122
650,0.23032519981629893
651,0.5968363553738265
652,0.22158924507285752
653,0.22619892736652325
654,0.1445516649852431
655,0.26531458857069184
656,0.19469224228222146
657,0.2610320862467912
658,0.3171463429051464
659,0.24861519914113334
660,0.6062712364501532
661,0.29759922738534916
662,0.7821744315560392
663,0.18888554726820286
664,0.16053780908466528
665,0.36033214720389833
666,0.20125110137301572
667,0.21940710058399956
668,0.22104301259285267
669,0.21384450055867488
670,0.2287226709862251
671,0.3207349277708637
672,0.13431150850070775
673,0.15879833018250986
674,0.2565412038909827
675,0.19710126674324172
676,0.24734159372451367
677,0.2735726019163907
678,0.3686612001127616
679,0.16305791716151644
680,0.19422042617499982
681,0.21051090144680634
682,0.17636118998112657
683,0.28413936948757396
684,0.9879410832760371
685,0.13430075937572258
686,0.24445471884629888
687,0.31695316980169086
688,0.11816676375534119
689,0.3294249319749026
690,0.19899341785957542
691,0.31141128350854125
692,0.3622227210273516
693,0.35091029527862094
694,0.16182571200464363
695,0.19479662471127152
696,0.30530257540939437
697,0.15768226180182143
698,0.13721938001667577
699,0.11028933242923955
700,0.6143662036489096
701,0.2037889191033485
702,0.7610444152540929
703,0.2404864686303186
704,0.24242682299014093
705,0.3013715870603864
706,0.18383966294147458
707,0.19946499463348594
708,0.2968330861590567
709,0.3928623532415174
710,0.3190486333257969
711,0.9888403994526205
712,0.2965009943135687
713,0.1407785068718568
714,0.330236298286552
715,0.36445183210648024
716,0.2545541415362281
717,0.692179400491987
718,0.22216980772965297
719,0.24791302768641926
720,0.3883068319564519
721,0.9636345234998622
722,0.1822637739194478
723,0.18584327596109435
724,0.34557036866055335
725,0.3107011231490883
726,0.21663389610854655
727,0.24255645633827272
728,0.7002229815108746
729,0.092885152228457
730,0.13688479379511206
731,0.6649194711724871
732,0.3266762940785246
733,0.1730029428304377
734,0.9879410832760371
735,0.4059461508610817
736,0.8839088350656673
737,0.8026195782239034
738,0.16209094465470122
739,0.21103560518923545
740,0.21898223432539402
741,0.2880700630802762
742,0.27433365548854854
743,0.2911649845521806
744,0.18018941530647456
745,0.3190486333257969
746,0.2380335720117354
747,0.15155412889373995
748,0.2073455447838137
749,0.16963106493777377
750,0.7582432099314778
751,0.26801333123997784
752,0.29370964973359526
753,0.1519653869638708
754,0.25844820090258025
755,0.4617416958340017
756,0.1577620428427472
757,0.3078305055144438
758,0.20056432414467393
759,0.1980519962781967
760,0.7422666415740035
761,0.2638136651288079
762,0.06544410869601308
763,0.3231044411501315
764,0.3031200715793931
765,0.24732658867303262
766,0.27804752812056
767,0.21703150042475222
768,0.14980886920073813
769,0.7551658991231296
770,0.3364323702769908
771,0.6533614137431173
772,0.5911197509520916
773,0.16230840483997314
774,0.4612947490000326
775,0.24485860759548553
776,0.6384117073794725
777,0.5384385993781019
778,0.19440233409793792
779,0.09362523860805758
780,0.11258787460625534
781,0.13465767721720678
782,0.15647209076242385
783,0.2260528013316469
784,0.9888403994526205
785,0.7470084629227808
786,0.18985145074772855
787,0.49887572659887475
788,0.342305891026111
789,0.9879410832760371
790,0.1747748342177425
791,0.1759179486429793
792,0.2141190865669036
793,0.1850773875093061
794,0.14597963228037228
795,0.8292321198108381
796,0.21338155341911758
797,0.14216423745350285
798,0.1689514939870274
799,0.21183604169254752
800,0.16985000186742594
801,0.25055088536791026
802,0.23885091667930947
803,0.2322886261592412
804,0.21150146226276778
805,0.18009709532095852
806,0.307816696059727
807,0.19982114430950948
808,0.0855035571946665
809,0.22423252366884844
810,0.9218126661252602
811,0.18659872364930888
812,0.18361295679111478
813,0.8601122296567756
814,0.40541843309998843
815,0.24478956303737767
816,0.34637965920709485
817,0.43992084268917514
818,0.19766218603403637
819,0.6810231638730873
820,0.22052019890288033
821,0.29902152690049943
822,0.18495979257066034
823,0.15560313407507845
824,0.7804865007671745
825,0.19454542819547713
826,0.13203842890612416
827,0.11300134052193968
828,0.12372417456600028
829,0.2276623801905889
830,0.23412962003282733
831,0.44833840997987745
832,0.1352788860356466
833,0.21306347115668253
834,0.2465193318167694
835,0.29704788584499786
836,0.25567782494384933
837,0.26292841918148646
838,0.3548786492475146
839,0.24215393306879066
840,0.18103757702360573
841,0.1391251148380923
842,0.4361806575937762
843,0.9888403994526205
844,0.9879410832760371
845,0.20083555464144554
846,0.8299140764611052
847,0.16842945901674058
848,0.12041609645210818
849,0.4090748668654941
850,0.29645293877848616
851,0.17320416751323364
852,0.6176528325172959
853,0.27721605759947116
854,0.3362706748301858
855,0.250671370728409
856,0.3077517418049605
857,0.11275586896364989
858,0.2851707559374602
859,0.3385150794479191
860,0.25164939938449626
861,0.3071331056364074
862,0.22877771011185824
863,0.1917781916061232
864,0.46778666154609416
865,0.2192339052987653
866,0.2061966626351645
867,0.23053994426061042
868,0.17099013237325278
869,0.07490856838483984
870,0.32010315052430666
871,0.22497885944898988
872,0.23362914310104532
873,0.21093075763210056
874,0.2718519291158199
875,0.2997562325608364
876,0.38194510764539225
877,0.17518677944258035
878,0.3582496603352348
879,0.21931906293663259
880,0.29024659349034937
881,0.12325749785034162
882,0.17093426490159652
883,0.14492712263481497
884,0.11628868384407322
885,0.2616222703049615
886,0.2842335521504268
887,0.1940803525347182
888,0.791987978591588
889,0.36572659201082824
890,0.18151889146725944
891,0.3235388887128497
892,0.6271911957899347
893,0.23877438948190682
894,0.36334421366812897
895,0.26881091258984474
896,0.2513536602411744
897,0.7470084629227808
898,0.26445580570321264
899,0.4041904586051941
900,0.22290913249133534
901,0.2778027101324037
902,0.10580463424249888
903,0.7937317743457272
904,0.29941643460655426
905,0.5781854788146052
906,0.42182439065552924
907,0.18913469132371474
908,0.2743923677748055
909,0.31540198246643314
910,0.2603659854616889
911,0.3687120982963911
912,0.16342338487167787
913,0.14416508597655192
914,0.2663691044359249
915,0.21483009508291165
916,0.3268985721025768
917,0.2724266096032038
918,0.31410129439421436
919,0.21413843890820225
920,0.12467961271858874
921,0.3190486333257969
922,0.3308548064591604
923,0.19727924452121365
924,0.19738725443049554
925,0.1949425155446253
926,0.3932147747220058
927,0.2375163485389716
928,0.21711258702193903
929,0.2721877189003444
930,0.6406977827104434
931,0.1644620179641104
932,0.16443263504945388
933,0.18599982428627285
934,0.13400454576210097
935,0.167406666346608
936,0.23248718330571727
937,0.1334954929702521
938,0.34366414526084654
939,0.19220710318777676
940,0.8188834578108237
941,0.14861218732151465
942,0.31041491431824964
943,0.6627084994532476
944,0.14238437528772518
945,0.4260330347931757
946,0.3834271252315552
947,0.1883124692662647
948,0.08034579114056847
949,0.11599376564029894
950,0.18648338228105393
951,0.19996120027800002
952,0.2473873876216882
953,0.16344669378150167
954,0.20282068815552504
955,0.23886074572346727
956,0.12504634844532395
957,0.2689294931015321
958,0.20101229203078255
959,0.10916206173790431
960,0.6364999488353782
961,0.2618400411778763
962,0.16133708178076725
963,0.8023182741597084
964,0.28440523837277104
965,0.6662452133530241
966,0.11517619327988435
967,0.572054268163313
968,0.24467531660425892
969,0.3263151955166141
970,0.1843142201080142
971,0.9173477712658851
972,0.25582593190532477
973,0.08945040690830496
974,0.14924893641183654
975,0.20945815056184688
976,0.19271439788728953
977,0.18463639830733228
978,0.28811889575918953
979,0.08913702151285947
980,0.17180537546024763
981,0.2822007399279804
982,0.18688818574338212
983,0.16219391469459368
984,0.27819846123718783
985,0.5581317048620837
986,0.5343990014459982
987,0.19559403168334386
988,0.1435234649515353
989,0.21433264992442447
990,0.1852837558195274
991,0.1680276589717709
992,0.3446721609489892
993,0.15157957598885577
994,0.47853558827964365
995,0.23307606324642052
996,0.1062149925545023
997,0.3004959799121787
998,0.5483453080095353
999,0.1867705900154805
1000,0.21792282176845626
1001,0.16354558239379177
1002,0.2878634635874098
1003,0.22842551156441815
1004,0.2561562006593162
1005,0.16666620741897828
1006,0.2129618701840978
1007,0.21671888769706785
1008,0.22125726158184045
1009,0.2514145910679221
1010,0.6533963300211035
1011,0.7580094271946884
1012,0.279494608603494
1013,0.2243953095828731
1014,0.33518026300497566
1015,0.3392902675467011
1016,0.7808738613504321
1017,0.8100006735617363
1018,0.19509309633103725
1019,0.21740843093734366
1020,0.32453266858461155
1021,0.19270415761769163
1022,0.18768086359945713
1023,0.14417698667123438
1024,0.35255138214340725
1025,0.5523713949118693
1026,0.25103164902968816
1027,0.24766154409065566
1028,0.1518679520733656
1029,0.29835667092208823
1030,0.19211879466861279
1031,0.23929474021306882
1032,0.15722834537413738
1033,0.13988757746670022
1034,0.2251668343285756
1035,0.13386166291811719
1036,0.2893351326832765
1037,0.13324100325087254
1038,0.7125672743968712
1039,0.243730432487106
1040,0.2089232621866331
1041,0.2467775897571526
1042,0.1759207017227484
1043,0.15871041929117208
1044,0.5019274573759879
1045,0.19157385535050536
1046,0.20692808993892273
1047,0.11335520153025208
1048,0.3257474954408025
1049,0.17110155254180984
1050,0.25868249256144105
1051,0.20905177649243645
1052,0.3032969608201353
1053,0.862903237511255
1054,0.29645293877848616
1055,0.12043487963600255
1056,0.29938907916509533
1057,0.19945892296770845
1058,0.2293527295571154
1059,0.1914966541356795
1060,0.3065737718638709
1061,0.48921570363203787
1062,0.25859393869704705
1063,0.1454374119518742
1064,0.15029127170393775
1065,0.24017028424309128
1066,0.20630002382847937
1067,0.2880803517914444
1068,0.31031250737758076
1069,0.386906463282523
1070,0.26261181609208883
1071,0.07653738707606471
1072,0.32609801536898914
1073,0.22781034555505558
1074,0.2652705741996765
1075,0.39519348277576744
1076,0.14723229823140538
1077,0.9888403994526205
1078,0.6815973037407932
1079,0.6863467393787744
1080,0.4651153174295802
1081,0.30219290566190954
1082,0.22583519625400778
1083,0.266749150187724
1084,0.19700539686733895
1085,0.18698883173359243
1086,0.18805719291021755
1087,0.3221460809638359
1088,0.16295464400348839
1089,0.31297521816479146
1090,0.9879410832760371
1091,0.44514721803538165
1092,0.45363578615208416
1093,0.1727201909687819
1094,0.20609041977445489
1095,0.2942040271210815
1096,0.1491399486259622
1097,0.1460556133270176
1098,0.1508642955635293
1099,0.36821982726084307
1100,0.3110546106468893
1101,0.2903688303454067
1102,0.33440004402514767
1103,0.21123874133942377
1104,0.2412799341164998
1105,0.11038780398146177
1106,0.2949981654761758
1107,0.19620104731605234
1108,0.18916188492823321
1109,0.5029727439019016
1110,0.20133408265740121
1111,0.23208066767928606
1112,0.2139435945350179
1113,0.15380283872590583
1114,0.1978511283607525
1115,0.23150900461971963
1116,0.1741182080630052
1117,0.14625379722769927
1118,0.26077838453632285
1119,0.1348288880226183
1120,0.5031078889079857
1121,0.19311718933836713
1122,0.3360177606578001
1123,0.29855279439321536
1124,0.2541244183337375
1125,0.1708998376703167
1126,0.22108407030259586
1127,0.2737827843481879
1128,0.31887779151468926
1129,0.5614599844899268
1130,0.3088055040957337
1131,0.29223032941170773
1132,0.22021058012390948
1133,0.17166281881634882
1134,0.29483905880058464
1135,0.9879410832760371
1136,0.5735641747674576
1137,0.30272829316100625
1138,0.6049135438317447
1139,0.1301563910388441
1140,0.2721457614782186
1141,0.16524891247507945
1142,0.8603541466267568
1143,0.2546811047034545
1144,0.7132513157552324
1145,0.49017814258618303
1146,0.16285225844113999
1147,0.34408443401346617
1148,0.5370266212355576
1149,0.4184738457383693
1150,0.3085143888625094
1151,0.24588724039369642
1152,0.20244890980689526
1153,0.9922004786287244
1154,0.583389336595391
1155,0.7971643810492923
1156,0.3507090376049668
1157,0.3302734197897105
1158,0.12061973469520075
1159,0.9047727806393084
1160,0.44029433187113115
1161,0.48235210729185696
1162,0.2155056385496918
1163,0.29715366062744386
1164,0.46582665463322204
1165,0.3059161605004179
1166,0.1965411827166116
1167,0.14258506686826986
1168,0.08318266182134144
1169,0.13066466026606757
1170,0.458017982153537
1171,0.22797721985597708
1172,0.1773546283444331
1173,0.11778077722977723
1174,0.6715165812845734
1175,0.21475117478027278
1176,0.18090227958772595
1177,0.2122728576342509
1178,0.2585614799818357
1179,0.30955740589015995
1180,0.16784146855235282
1181,0.21799059524600237
1182,0.28084658571368626
1183,0.2616508925920177
1184,0.9879410832760371
1185,0.49342944898780694
1186,0.20436930569814987
1187,0.42690129055673176
1188,0.6338859757279067
1189,0.24036372640526385
1190,0.20253103960127894
1191,0.2520779546130307
1192,0.40550741279515523
1193,0.1966701140201856
1194,0.21870231017157105
1195,0.17491502295933772
1196,0.3295237640664684
1197,0.2587274092756535
1198,0.3190486333257969
1199,0.27432358127311407
1200,0.1988148892170508
1201,0.13830322631343558
1202,0.1598610626870434
1203,0.2473188258572079
1204,0.18822618931774507
1205,0.17245125578567994
1206,0.08860852672967126
1207,0.5121193730245394
1208,0.08211419285213621
1209,0.5357466174019074
1210,0.24383734992451184
1211,0.7292558947841361
1212,0.20605831779370587
1213,0.15014899623883907
1214,0.3834111064100788
1215,0.53065826404758
1216,0.30123790185969357
1217,0.44054043087233075
1218,0.3190486333257969
1219,0.462981982407574
1220,0.14178952875088974
1221,0.9879410832760371
1222,0.19983061175511263
1223,0.8719510335566253
1224,0.20901678061975057
1225,0.1396418669749103
1226,0.16477247396591027
1227,0.10643470521888508
1228,0.038909423469110783
1229,0.26030454112624096
1230,0.2652165361054552
1231,0.26436185247616323
1232,0.14827797083394698
1233,0.2064798203555887
1234,0.23261052153113118
1235,0.16507888132260298
1236,0.3207120953835435
1237,0.2934229158926573
1238,0.17892469654300278
1239,0.17290026445973314
1240,0.2304944921251275
1241,0.9879410832760371
1242,0.8229177859897008
1243,0.23672142726123535
1244,0.10705892539994247
1245,0.32869562598312313
1246,0.1710450098190625
1247,0.7131260047043014
1248,0.15891909559057776
1249,0.12060652763363083
1250,0.1405538515186542
1251,0.22293536247585954
1252,0.3406858690682707
1253,0.1708214164704121
1254,0.559928426623005
1255,0.1941105590954694
1256,0.23916105505493937
1257,0.18878836118318684
1258,0.7314419704582771
1259,0.18874216612660355
1260,0.14698033575619607
1261,0.6015191287614297
1262,0.4554235363444579
1263,0.2040033777273773
1264,0.4810901829895605
1265,0.2259035691103639
1266,0.19580500330123
1267,0.20231183582259152
1268,0.25353101860426075
1269,0.21959639429901848
1270,0.29530155354026916
1271,0.20753135574556508
1272,0.31269031031229394
1273,0.46598963824218453
1274,0.156658898270689
1275,0.23084775864308563
1276,0.5905223374688933
1277,0.4308994477712555
1278,0.2010983270605562
1279,0.23966232246654204
1280,0.2265277943401196
1281,0.17519097976176382
1282,0.21905460493567702
1283,0.16498923278377112
1284,0.18952490725294205
1285,0.21971783173247708
1286,0.12770315237690658
1287,0.4124115758156532
1288,0.3490868515389323
1289,0.26637098219040595
1290,0.1437950170648285
1291,0.5032779190228245
1292,0.37414650922246967
1293,0.37528029265459073
1294,0.7096698998595937
1295,0.2642803782881102
1296,0.6972736526128064
1297,0.6339480697836548
1298,0.14742267366798315
1299,0.22410768325287028
1300,0.22282914402819193
1301,0.8152996673344197
1302,0.4288046635663226
1303,0.5913141253148296
1304,0.23369462964825705
1305,0.30930416822544743
1306,0.576870446688117
1307,0.17666743011184274
1308,0.1995044990260516
1309,0.09370872625535247
1310,0.22562642035247624
1311,0.2454374137436791
1312,0.1551014338281912
1313,0.36921934053014416
1314,0.2271241209059871
1315,0.3331295373429958
1316,0.47851153200817326
1317,0.30515647269532553
1318,0.21155694992707286
1319,0.1890988308449228
1320,0.1833526149340388
1321,0.7948500693839311
1322,0.5732485787439161
1323,0.20028990865471882
1324,0.798997071781328
1325,0.6685298919400117
1326,0.14279961729228907
1327,0.23636795617713224
1328,0.9879410832760371
1329,0.8398158201924357
1330,0.2644781747074321
1331,0.25811166640251443
1332,0.26180362791698225
1333,0.9888403994526205
1334,0.12472411159248019
1335,0.19010930847878474
1336,0.41986481413614923
1337,0.2895387123306783
1338,0.2919298879634394
1339,0.2933415823238735
1340,0.30407365491034083
1341,0.6811797762076546
1342,0.24171022612944165
1343,0.30015806033755027
1344,0.7534603568832626
1345,0.865577612322377
1346,0.20959491152128204
1347,0.257807859431776
1348,0.18685482166059958
1349,0.3312580799594235
1350,0.5216653651571784
1351,0.36875235455576205
1352,0.2535496735661287
1353,0.3385372959914176
1354,0.11598580320031061
1355,0.5801772692791854
1356,0.8727572387212192
1357,0.11623286959436534
1358,0.2348472410811309
1359,0.06374478303443515
1360,0.2588121364733197
1361,0.17229937168070802
1362,0.29698888514494365
1363,0.1864380469943231
1364,0.8233426367843233
1365,0.3894039935052426
1366,0.27694032401220187
1367,0.30153772690114056
1368,0.22261913726015525
1369,0.7911233566315444
1370,0.3379742758690121
1371,0.3175631382991654
1372,0.3156280692242285
1373,0.1843475174090577
1374,0.16675565526620814
1375,0.15787702787677488
1376,0.24446598140497255
1377,0.2656618746740817
1378,0.6115732267309266
1379,0.5129521642363364
1380,0.29285845297030594
1381,0.134268656986369
1382,0.15188122501154966
1383,0.20323606234828243
1384,0.23489574440964425
1385,0.8125090625976678
1386,0.2384846989168077
1387,0.35928268141073616
1388,0.19175893057808266
1389,0.15377207058697911
1390,0.1559611754652041
1391,0.16977375867898287
1392,0.1161992896927739
1393,0.10973998213874848
1394,0.22069985850929594
1395,0.17589113132172696
1396,0.16141488358375605
1397,0.09759085581994284
1398,0.08955624055138664
1399,0.22909203733278993
1400,0.20367658843826017
1401,0.21863766685900943
1402,0.2765674127602151
1403,0.3237975590711223
1404,0.6673496715433537
1405,0.2502158400143448
1406,0.7740049151438035
1407,0.2621277212485166
1408,0.14040223715632258
1409,0.22320147513098673
1410,0.2927144412992733
1411,0.2092974580039037
1412,0.29546335430427456
1413,0.2908728409112446
1414,0.1959406305605238
1415,0.36594837222787385
1416,0.22236952731951862
1417,0.8171407039545789
1418,0.23188432509422113
1419,0.9888403994526205
1420,0.3190486333257969
1421,0.3700208632574843
1422,0.21565238284958682
1423,0.22972063748100735
1424,0.2395609757487152
1425,0.20710375214949917
1426,0.3169685447750757
1427,0.23130466624301002
1428,0.6441344836070318
1429,0.7432720875682332
1430,0.8281437396779447
1431,0.6634184457707216
1432,0.19253303719244885
1433,0.13312588365107159
1434,0.18747217129375832
1435,0.9888403994526205
1436,0.44734636238130226
1437,0.3059231706448779
1438,0.19013127201153718
1439,0.17423469267017766
1440,0.237324308435473
1441,0.11688305696473135
1442,0.21841784056877528
1443,0.3564820625618915
1444,0.266546641476582
1445,0.1652224648905882
1446,0.07852651425019287
1447,0.33011411238870014
1448,0.13593237772392505
1449,0.3743385339935176
1450,0.3828073452624697
1451,0.20579953411768578
1452,0.47443029188202784
1453,0.2803021296162647
1454,0.11106540325608875
1455,0.15193886099092951
1456,0.29645293877848616
1457,0.07979876377147366
1458,0.7310356936797776
1459,0.2587168017000207
1460,0.20954239080538467
1461,0.08884347043632107
1462,0.11713441238864417
1463,0.1892725868201088
1464,0.2720748870290939
1465,0.1984131818269357
1466,0.3002243961255078
1467,0.49856386295412636
1468,0.2682262357393633
1469,0.3380543458534073
1470,0.19011876752486162
1471,0.15609704991332962
1472,0.19955787149987128
1473,0.5428415231710284
1474,0.2910435196264246
1475,0.2677055252555038
1476,0.6111058141622668
1477,0.7083829927957445
1478,0.6633588182959532
1479,0.25177549616558076
1480,0.09590051551253771
1481,0.26656509265074113
1482,0.18758362002560447
1483,0.2512142331029916
1484,0.4015907937974418
1485,0.18123909613430222
1486,0.22298445723170973
1487,0.2489474678065227
1488,0.1299107941660619
1489,0.2696885213693898
1490,0.198163797455302
1491,0.18444986363808608
1492,0.34924689919043045
1493,0.27810366539723524
1494,0.2617216947659576
1495,0.15330205892801166
1496,0.2391827647128349
1497,0.1670473693008239
1498,0.3848437359074729
1499,0.2992663542305927
1500,0.12157492553547518
1501,0.26301893591710956
1502,0.29162876927621095
1503,0.2496943443706221
1504,0.26064932635987187
1505,0.17447277472477096
1506,0.09863140468886161
1507,0.26719063757507977
1508,0.16592953609298075
1509,0.16204744059358436
1510,0.3552067578545739
1511,0.15606870990990943
1512,0.4349880019114635
1513,0.25044544738399555
1514,0.21284768947278518
1515,0.9888403994526205
1516,0.09644211915384704
1517,0.10391016811425058
1518,0.1893884704272798
1519,0.3434634404070085
1520,0.6174192321627713
1521,0.2709585388900757
1522,0.29042966851614677
1523,0.18503715806761856
1524,0.5382067524053343
1525,0.14816702036173476
1526,0.30819674928005586
1527,0.39889753988712623
1528,0.11778170572206972
1529,0.9888403994526205
1530,0.21612710808205643
1531,0.19881515838360442
1532,0.1516421631024513
1533,0.8627119765000154
1534,0.20118606619665746
1535,0.18880272553645708
1536,0.2860225227905154
1537,0.21408421243290957
1538,0.13046034643719612
1539,0.4854065030044208
1540,0.8991986994118671
1541,0.10820337549288885
1542,0.12031471758055073
1543,0.2520702352293251
1544,0.5891430077070244
1545,0.48848161576293586
1546,0.3931284038760811
1547,0.3190486333257969
1548,0.26415134919834354
1549,0.29631742883758017
1550,0.26682121858055935
1551,0.239476805418816
1552,0.29564035109913783
1553,0.23891920342304682
1554,0.21609048742068335
1555,0.19816786076435228
1556,0.16261002418721604
1557,0.8867620314321735
1558,0.46286546961160896
1559,0.17980033060780612
1560,0.22874009221465388
1561,0.19429644451054612
1562,0.1677605131575872
1563,0.19982171065118504
1564,0.22587315386212298
1565,0.4644956178683143
1566,0.2861739210358894
1567,0.438614892491139
1568,0.3371246160692426
1569,0.3991623848837547
1570,0.6839205247356914
1571,0.2892754465287641
1572,0.17795735628280707
1573,0.2721603187566354
1574,0.1479690874206856
1575,0.20233694142412506
1576,0.3107335506295562
1577,0.24532441538695587
1578,0.14654856121189586
1579,0.22249186404495158
1580,0.23619298549110548
1581,0.2188518575799139
1582,0.10689492865681773
1583,0.31595726340696934
1584,0.35870739141119196
1585,0.26022686229512754
1586,0.21430666051972505
1587,0.1491106866591488
1588,0.14911706919587278
1589,0.1704731032150048
1590,0.3190486333257969
1591,0.422640114134057
1592,0.30243865275317305
1593,0.1851115094050087
1594,0.5999728133296099
1595,0.23615726256262554
1596,0.18129693559246102
1597,0.2923401980920562
1598,0.1699576724720912
1599,0.17305118732009472
1600,0.20411320508910438
1601,0.22161866266667993
1602,0.13703687800553851
1603,0.3185966852404113
1604,0.2193239108346278
1605,0.2517640700622443
1606,0.19443863298267586
1607,0.48396894092300263
1608,0.2710805221929001
1609,0.2752758025340775
1610,0.25342094054148073
1611,0.3519922375359533
1612,0.7991580251450877
1613,0.36316985056755513
1614,0.22300369075358994
1615,0.35828270880565943
1616,0.15484743004853432
1617,0.1865264498296459
1618,0.23773275658256954
1619,0.3371453594886163
1620,0.2958204561723224
1621,0.28424797623803194
1622,0.1940087998605996
1623,0.3341298509817476
1624,0.22141881098465135
1625,0.1491613772384398
1626,0.23076485967650076
1627,0.11246841115228055
1628,0.3393257122793968
1629,0.26863288023708387
1630,0.18801601505874732
1631,0.11734460178969344
1632,0.9888403994526205
1633,0.2690754305410848
1634,0.2085532610518944
1635,0.1953945295407538
1636,0.14217670032831897
1637,0.18875424136145683
1638,0.26773253993270185
1639,0.20898961779156064
1640,0.21691638288386192
1641,0.14346071104541372
1642,0.19511902365041955
1643,0.2173452290988592
1644,0.3502029307518844
1645,0.2307356066383135
1646,0.25563340972573456
1647,0.2021785793370421
1648,0.2001254646298069
1649,0.2529880443901789
1650,0.2804052193805621
1651,0.25103070318369863
1652,0.23927997703029855
1653,0.32284707970210164
1654,0.17180441582749265
1655,0.25177549616558076
1656,0.22079067891965606
1657,0.6193163804071921
1658,0.8617609499375498
1659,0.2104331640350807
1660,0.18287585561371095
1661,0.24773525987122313
1662,0.7159910395664624
1663,0.08771196571328611
1664,0.09803925811685435
1665,0.4495484999152121
1666,0.15780265776879104
1667,0.4740151924620934
1668,0.9566155790644794
1669,0.18664581352577894
1670,0.2715461970426011
1671,0.1977516347159275
1672,0.20334447621312735
1673,0.19203416608019977
1674,0.584784743177651
1675,0.14135771467571065
1676,0.20193338949169148
1677,0.19139393992059806
1678,0.6050064923446599
1679,0.2415608044718969
1680,0.12197951085910272
1681,0.8564630664089512
1682,0.13526937736100494
1683,0.24182083233403312
1684,0.23350446714326112
1685,0.17760111109430388
1686,0.2235182700689207
1687,0.33143861772998
1688,0.2067817186799525
1689,0.3190486333257969
1690,0.5194892814754236
1691,0.14372093014462772
1692,0.2453691823382439
1693,0.19641357855621952
1694,0.09505459462804308
1695,0.35569586773399037
1696,0.2885222404711737
1697,0.5135171100640165
1698,0.20560458557003727
1699,0.12847511537685324
1700,0.630485572341392
1701,0.2458799918501741
1702,0.20908986463998508
1703,0.2611892864028474
1704,0.2720107589301354
1705,0.29316094851953906
1706,0.21208130819607293
1707,0.14361900038885242
1708,0.11351148069109987
1709,0.7252611243508663
1710,0.2539795184168833
1711,0.1328578838067398
1712,0.26377749128524564
1713,0.5127391494618031
1714,0.7022348154150105
1715,0.21125888116779393
1716,0.29148179564931415
1717,0.7111076310645617
1718,0.1904196061088999
1719,0.21831293112804304
1720,0.19119674401564946
1721,0.7808164440687194
1722,0.2882311038237108
1723,0.7492579082088056
1724,0.19164333089682456
1725,0.3683257194643092
1726,0.6669252216780409
1727,0.04605199609138303
1728,0.24213303503052938
1729,0.1682667678718351
1730,0.14472371771737705
1731,0.41304731654971105
1732,0.18080291212380106
1733,0.56607824086643
1734,0.3190486333257969
1735,0.14288584479931618
1736,0.3397249301448109
1737,0.46203104135822204
1738,0.09757575570042651
1739,0.8216713882415604
1740,0.19328370817983515
1741,0.09986083847752736
1742,0.20021499957939262
1743,0.6650906832592144
1744,0.18782827807450073
1745,0.09035471348212842
1746,0.2075313916537107
1747,0.2834318349949077
1748,0.18421320191631751
1749,0.24083131853182585
1750,0.5138406193102334
1751,0.6046000994060763
1752,0.2971787567235087
1753,0.2615221479148906
1754,0.2853884030265782
1755,0.5165858557375476
1756,0.3235407422016505
1757,0.18643921759467003
1758,0.16149538077694822
1759,0.9879410832760371
1760,0.8794202654652118
1761,0.23721587037965006
1762,0.2408545122970931
1763,0.4248958075022597
1764,0.16162893763135447
1765,0.2614924812883022
1766,0.19182174859926077
1767,0.15912287152277052
1768,0.11851723536578589
1769,0.2577711086158717
1770,0.27785568101725056
1771,0.27431205819563603
1772,0.7309908538116798
1773,0.6887023463458162
1774,0.24623203883209308
1775,0.522491803693485
1776,0.20602108285724874
1777,0.16640127829627863
1778,0.23000329881777812
1779,0.30543496869298775
1780,0.22510311676759784
1781,0.255915992578727
1782,0.14372265019358096
1783,0.20732530573673397
1784,0.5996523659562545
1785,0.6818996773722801
1786,0.1481934156526416
1787,0.23228008769001174
1788,0.18252149340886542
1789,0.2915371264871905
1790,0.9888403994526205
1791,0.32574874467148174
1792,0.14097482859401633
1793,0.23224436698616083
1794,0.1604458405571276
1795,0.22146733589708362
1796,0.8092035356319329
1797,0.5368642521443089
1798,0.4259345352916553
1799,0.4487883295723279
1800,0.1686337829660022
1801,0.18243225627958728
1802,0.19653825790850413
1803,0.191285899556951
1804,0.2654582085548768
1805,0.2755256662925429
1806,0.32765741740671117
1807,0.11992661940602228
1808,0.20536930191735978
1809,0.22244390112321197
1810,0.44339520761658824
1811,0.218375025951502
1812,0.24300591106281524
1813,0.12304305874436108
1814,0.15350917459056135
1815,0.15405965704297794
1816,0.3112659967908961
1817,0.3616653888659506
1818,0.25713587133877885
1819,0.3456786458557591
1820,0.20992122116091388
1821,0.1250422974491071
1822,0.2666571916457882
1823,0.6454543478983031
1824,0.28636000010062085
1825,0.3813417337183163
1826,0.25577068531295777
1827,0.30960909863379077
1828,0.13149625460785894
1829,0.9879410832760371
1830,0.267219661091691
1831,0.2514831368080275
1832,0.21973755275033444
1833,0.4158055250176184
1834,0.14210602230869382
1835,0.17290003029358025
1836,0.1873913184052199
1837,0.30029206983147244
1838,0.3062173982754956
1839,0.28287683343715647
1840,0.20696250563060606
1841,0.26873121044832843
1842,0.24251382164447743
1843,0.16618329215899744
1844,0.6482868586779442
1845,0.19977906297476708
1846,0.2683244796930799
1847,0.563180874235503
1848,0.19733398911425074
1849,0.33655471849552054
1850,0.3024747016974532
1851,0.15009484894129554
1852,0.09210365946783677
1853,0.18099878025510568
1854,0.22004517458106557
1855,0.8676669191916245
1856,0.2103264641571445
1857,0.2510046685249541
1858,0.146608457701545
1859,0.18054956099079336
1860,0.3823377737312596
1861,0.5861012079073922
1862,0.3321600678474446
1863,0.2595194469406676
1864,0.20201893795512965
1865,0.8903177726818257
1866,0.24060894718957299
1867,0.12712485653329386
1868,0.14315377723399925
1869,0.24262827944919255
1870,0.14588816678643757
1871,0.3855902295667914
1872,0.8950777323326463
1873,0.3738521762630183
1874,0.1666025114229626
1875,0.13643084884177675
1876,0.20520042713007552
1877,0.28980257717102714
1878,0.28292991300374504
1879,0.31413257171047754
1880,0.3711637596851153
1881,0.13948625266871065
1882,0.2427769721057413
1883,0.10314133377352544
1884,0.2581672950349254
1885,0.30574899634465297
1886,0.2511398282967975
1887,0.9879410832760371
1888,0.2307330449352656
1889,0.19698702638901033
1890,0.7231359457226381
1891,0.9451463673138173
1892,0.16997368711068728
1893,0.3651153035526142
1894,0.2189738153383393
1895,0.2724074705496973
1896,0.29156435339708453
1897,0.31066050108518245
1898,0.1197848991090473
1899,0.22269214257843545
1900,0.297825012926703
1901,0.16706398043547557
1902,0.16819471659967683
1903,0.23287841386833155
1904,0.22362424391664726
1905,0.09572061632468687
1906,0.1490105822735971
1907,0.9879410832760371
1908,0.14965960783554677
1909,0.24495923362195682
1910,0.2279673586398361
1911,0.16158351520652495
1912,0.1297196431851391
1913,0.16338666905569837
1914,0.4045709715914957
1915,0.18890814791550548
1916,0.22840357620659496
1917,0.27745524928107007
1918,0.3337051371490466
1919,0.20845443988124052
1920,0.20781661531785384
1921,0.7396181118199876
1922,0.2423305627616656
1923,0.2836479156547131
1924,0.2529389117251199
1925,0.21414759038072737
1926,0.6965977224023816
1927,0.32623966536645044
1928,0.2379390355811661
1929,0.24018641796548798
1930,0.49453484091966293
1931,0.3583223188617661
1932,0.21862823610046878
1933,0.26516331723388775
1934,0.11824771071248419
1935,0.10528301524158454
1936,0.23625192301506084
1937,0.29678958614565343
1938,0.20106010551483675
1939,0.6016629857169307
1940,0.2137478487471102
1941,0.23196315219934174
1942,0.43843956491738034
1943,0.29788780799702314
1944,0.20354471926362808
1945,0.15475841560043044
1946,0.15094738489834836
1947,0.611544839950455
1948,0.09965712074250867
1949,0.15869668647767815
1950,0.3374261748435882
1951,0.772968578044557
1952,0.3275131063998644
1953,0.2815327934320303
1954,0.19713187550974523
1955,0.7443536130053838
1956,0.7338232432164478
1957,0.2906487894750885
1958,0.174294886015253
1959,0.17660035013891684
1960,0.22611263004422194
1961,0.31643188791993476
1962,0.22803623372165677
1963,0.29241103411573405
1964,0.4786964587267249
1965,0.18877078714095813
1966,0.3593787507308247
1967,0.16793569624407187
1968,0.12232736064905518
1969,0.2939174269049625
1970,0.16929081966155277
1971,0.18148495580909033
1972,0.8380222069575
1973,0.10448211634722439
1974,0.16687932634701289
1975,0.4914614276497548
1976,0.29666480264398926
1977,0.135299931266206
1978,0.3210469273822776
1979,0.21756307434861935
1980,0.28063874322146093
1981,0.14536748687705064
1982,0.1372638445636695
1983,0.3034273539189527
1984,0.5284232390616413
1985,0.11277936593059117
1986,0.22812323591183473
1987,0.30727901986163597
1988,0.18900650937726682
1989,0.24226035987910816
1990,0.3174149310319951
1991,0.9888403994526205
1992,0.28678212016160015
1993,0.18654463872359955
1994,0.2498107856049849
1995,0.3248591410882934
1996,0.2260720103035296
1997,0.2340186171280339
1998,0.3021228579328841
1999,0.2419286513815328
2000,0.16867628341876487
2001,0.17082307434379912
2002,0.25782058557657955
2003,0.4876376485472009
2004,0.1574803924075961
2005,0.4016698714133491
2006,0.15243469827618364
2007,0.23142975264732477
2008,0.6542155049440872
2009,0.16684659336999239
2010,0.2455960861466938
2011,0.4433639668235745
2012,0.14257674453174282
2013,0.1609958111920707
2014,0.2563060675880172
2015,0.20913842837363414
2016,0.09126189717570202
2017,0.7532846440738401
2018,0.17251719285097322
2019,0.3868136305690415
2020,0.20962134821004125
2021,0.27628512266998806
2022,0.19959777311562626
2023,0.19918493672566334
2024,0.25518437026746144
2025,0.15832414612392023
2026,0.9879410832760371
2027,0.3543084912047595
2028,0.3051972429599871
2029,0.15585193046692025
2030,0.23810648546284763
2031,0.16747021667842402
2032,0.9879410832760371
2033,0.24119288534262642
2034,0.17688425008000117
2035,0.4319891827523466
2036,0.25362662412335113
2037,0.3011510239187952
2038,0.29994382058357016
2039,0.15554164374462384
2040,0.17298877544371272
2041,0.16842567384149412
2042,0.16086592313942877
2043,0.8363210576329999
2044,0.19815920810032167
2045,0.22652238550277518
2046,0.29110995001177675
2047,0.2708375359694884
2048,0.19290097193731817
2049,0.1897164328694537
2050,0.24542860032879976
2051,0.30412404607447846
2052,0.1694090317677202
2053,0.22714711792353198
2054,0.20621433676525658
2055,0.2321397192891211
2056,0.38748165380681604
2057,0.31453826932577394
2058,0.1630759197550479
2059,0.12186698733375106
2060,0.17297455600602363
2061,0.17274748176628948
2062,0.9316076149992011
2063,0.1791766938200586
2064,0.24440370616571216
2065,0.45796979154474726
2066,0.334710717110137
2067,0.5936062870955136
2068,0.2806035393509986
2069,0.14494795672165234
2070,0.5096765405959425
2071,0.17123730039484952
2072,0.56206123254671
2073,0.23992349967827645
2074,0.6742808120972003
2075,0.2055404281674044
2076,0.5627159508871687
2077,0.12783508834724414
2078,0.3685070608658375
2079,0.9879410832760371
2080,0.44782809713395355
2081,0.11749320068133433
2082,0.19943223810173796
2083,0.4735839144252734
2084,0.21260062359277226
2085,0.5910333287056663
2086,0.3583534950292385
2087,0.23824974542745145
2088,0.4809685488880752
2089,0.2307428613531551
2090,0.2613092364755235
2091,0.24943115150881803
2092,0.16306155465262373
2093,0.18225701275443157
2094,0.17907702309786347
2095,0.40797731320542674
2096,0.16985881419094342
2097,0.19969386554942484
2098,0.3116609873900098
2099,0.2260513735535383
2100,0.17132950605750505
2101,0.2236978064916843
2102,0.6201685611017504
2103,0.17297252184008347
2104,0.2591588841215907
2105,0.27037571236932273
2106,0.2295751940015773
2107,0.2525117405537066
2108,0.4322790370415734
2109,0.20086080497380557
2110,0.5371550480980986
2111,0.28110701494098994
2112,0.18568614893992358
2113,0.11327637202182544
2114,0.24455028074754398
2115,0.39497226908864674
2116,0.1986409677266803
2117,0.5030245886120513
2118,0.21025040742179882
2119,0.6682859218250052
2120,0.1410608462630933
2121,0.1661509658139641
2122,0.44504638091532717
2123,0.47298406918135805
2124,0.06977377330581513
2125,0.25257822735384866
2126,0.13367237489756476
2127,0.7581593385167099
2128,0.20735340098654761
2129,0.14111107667376052
2130,0.7832810379345089
2131,0.5941716934061902
2132,0.11734675963370801
2133,0.1977557225626633
2134,0.21210712250646355
2135,0.15329440779069
2136,0.9080036213790832
2137,0.1908141372609031
2138,0.2421789995743599
2139,0.7164370247041851
2140,0.5576059297669064
2141,0.6312096320469781
2142,0.29483364077253704
2143,0.11944819586021922
2144,0.2344490985972231
2145,0.3704957002586462
2146,0.18408259558141113
2147,0.2438284346830517
2148,0.37523694870569657
2149,0.23026659961748355
2150,0.14637964936725734
2151,0.7275266488835865
2152,0.42977823637456974
2153,0.24573210300852202
2154,0.6182053710184952
2155,0.11174103416774167
2156,0.6056329193774185
2157,0.4110362206633516
2158,0.20249397370713093
2159,0.23819964483960088
2160,0.24495306851382884
2161,0.24193812655605154
2162,0.3177700894273227
2163,0.2706449043827545
2164,0.14196582615196188
2165,0.27169520384698503
2166,0.7442548423968661
2167,0.24656240467441298
2168,0.1642134823364801
2169,0.22922484322548606
2170,0.45111960896075615
2171,0.29024061648009025
2172,0.5838829213160472
2173,0.5113965850547932
2174,0.47573446203672076
2175,0.24098437876544893
2176,0.16868700081109603
2177,0.30018867376913616
2178,0.22111577657550976
2179,0.2260819944747732
2180,0.23776764639505224
2181,0.2689776969330109
2182,0.619884129769774
2183,0.230117233571462
2184,0.4802505669068019
2185,0.1324336145989446
2186,0.2214908773084787
2187,0.18970056101494398
2188,0.8433465296459003
2189,0.17352208657698934
2190,0.6022509922791619
2191,0.6806923856672399
2192,0.6229517294600525
2193,0.17947997064600832
2194,0.2214249582426223
2195,0.26584389832288297
2196,0.7358375190625395
2197,0.36126049455648845
2198,0.42349504079552347
2199,0.29331902190737685
2200,0.257695651285619
2201,0.3343569787630373
2202,0.5492215649348443
2203,0.2201412342191676
2204,0.18078212426583332
2205,0.24537328261429983
2206,0.20078051743460104
2207,0.2167077882749787
2208,0.26416912971156536
2209,0.21065304932878984
2210,0.1518869568879826
2211,0.22472488037507665
2212,0.4289594093503561
2213,0.22435568468351813
2214,0.2166093815030587
2215,0.11894350343382326
2216,0.06351925828586472
2217,0.5586267299743598
2218,0.1790445848475922
2219,0.15911756557860718
2220,0.20981641423870448
2221,0.14640551890472076
2222,0.20397625207701361
2223,0.2822903038630758
2224,0.6622487136757594
2225,0.27431044194069343
2226,0.27139330669837386
2227,0.2061987389894985
2228,0.12272102136692406
2229,0.3675779808249014
2230,0.20390404087327685
2231,0.2140574933898775
2232,0.22772282196957727
2233,0.24383555362831094
2234,0.6675681160488942
2235,0.24221341220234707
2236,0.22839170357091204
2237,0.39836840638751814
2238,0.16801678757969984
2239,0.14905920041072845
2240,0.2091964417352405
2241,0.34195916832571605
2242,0.29285845297030594
2243,0.18391281644434068
2244,0.16381442145111746
2245,0.2897986047818966
2246,0.5531074548871471
2247,0.732239276794074
2248,0.19745253233729015
2249,0.3117464104548246
2250,0.20800208821353583
2251,0.22315031907243818
2252,0.18004730750115255
2253,0.23246733366298206
2254,0.22079992966182613
2255,0.8962663503510302
2256,0.24747738001358768
2257,0.6433986575064994
2258,0.21441074676597632
2259,0.12583747862986525
2260,0.508092047331602
2261,0.23983109133387506
2262,0.13880532334876836
2263,0.3060576695662687
2264,0.22055264932652457
2265,0.6339480697836548
2266,0.17424846845186726
2267,0.21082191044249599
2268,0.2938362560466864
2269,0.20435221827444566
2270,0.20696664479140464
2271,0.23742809030937706
2272,0.3280094410161375
2273,0.16755694227409648
2274,0.5642810379299914
2275,0.13235891121056167
2276,0.2764104379023495
2277,0.21371445969988193
2278,0.24273670240916978
2279,0.22783599356299794
2280,0.4123809380964819
2281,0.25609231644418834
2282,0.1370755721049454
2283,0.12614466453412052
2284,0.1533705501000366
2285,0.2876482616297877
2286,0.31381625173681543
2287,0.14585549172163592
2288,0.09875214014863357
2289,0.16466032012876508
2290,0.45470245860879416
2291,0.16281717616826785
2292,0.17607215228969836
2293,0.8171478101679248
2294,0.26264239581976656
2295,0.22023576016484356
2296,0.6841560908487752
2297,0.31130325924866176
2298,0.19397737804437973
2299,0.24685779043284906
2300,0.8452500693763694
2301,0.2584126630557911
2302,0.19223189926488066
2303,0.1327834519757098
2304,0.20125660299483336
2305,0.4561072727604165
2306,0.5022488183925601
2307,0.1809966865302694
2308,0.1310272584621494
2309,0.23602238808462594
2310,0.1590096834846939
2311,0.23906779199692024
2312,0.12674444449261651
2313,0.2952579204217903
2314,0.29525925022911514
2315,0.2334009821338917
2316,0.28318997611205443
2317,0.24133929989972658
2318,0.475592155257327
2319,0.1652190069658581
2320,0.16445024894129256
2321,0.34451737286558903
2322,0.4026624917502605
2323,0.3883678487843432
2324,0.2210458756146324
2325,0.30827726551179585
2326,0.21362756723135426
2327,0.14784429537322477
2328,0.7377541848405775
2329,0.14746462097366853
2330,0.10759675371818786
2331,0.25827641824117337
2332,0.19964055123452631
2333,0.2155729003311739
2334,0.21989882607767897
2335,0.6295592296463656
2336,0.19095802892620806
2337,0.1827775869364277
2338,0.47232110220745727
2339,0.20764362649726528
2340,0.28561593254387796
2341,0.39432167320218275
2342,0.16804204593398084
2343,0.22314823449105634
2344,0.18090576662123212
2345,0.35270045787036686
2346,0.3097552477115378
2347,0.4594579827155161
2348,0.2350010878160576
2349,0.33823123153845625
2350,0.21871052714386646
2351,0.1793942586626295
2352,0.08865815049095375
2353,0.08611764070796288
2354,0.37179342011015815
2355,0.36369365235806256
2356,0.32775578228887137
2357,0.3092577528378747
2358,0.3524432294332035
2359,0.4052327675728588
2360,0.20214066563092134
2361,0.26119355564364527
2362,0.29459834609209595
2363,0.1784152851024573
2364,0.5224768510976886
2365,0.3374413558586682
2366,0.3403223557223818
2367,0.10887331035401311
2368,0.8464743901616357
2369,0.14812354041625786
2370,0.636386723663721
2371,0.2521134164781942
2372,0.8342105893842767
2373,0.19929795252913296
2374,0.26184721926530646
2375,0.10361752342373047
2376,0.13322614163797197
2377,0.6785544429335769
2378,0.28401853108149117
2379,0.24359417268561454
2380,0.17935922752318248
2381,0.5030456260882611
2382,0.16828176050641072
2383,0.6611929575014499
2384,0.2227609396685632
2385,0.26794423693981634
2386,0.45815387336242025
2387,0.160512499647612
2388,0.2207025055355273
2389,0.5336733185990887
2390,0.7608595580240007
2391,0.1391927507128479
2392,0.554437770284892
2393,0.7094969380054293
2394,0.3087874199381238
2395,0.6750640972958862
2396,0.3613407575665381
2397,0.8878057382536932
2398,0.3411008980342247
2399,0.5156694279210255
2400,0.6815066024868097
2401,0.11288337848999587
2402,0.522491803693485
2403,0.4161882237173329
2404,0.19875011596187966
2405,0.42147422498199105
2406,0.18436413315857822
2407,0.6468523824588058
2408,0.22498232829449674
2409,0.2899342499374628
2410,0.3236251124538392
2411,0.22162648716162817
2412,0.2113423441994302
2413,0.1911951108190183
2414,0.1414136455006545
2415,0.209349714368663
2416,0.2206800483618796
2417,0.1905569719523802
2418,0.4939827991969999
2419,0.1921110277736787
2420,0.3610209472450634
2421,0.20221029711428373
2422,0.18387803797393612
2423,0.3183716322130969
2424,0.133727742196076
2425,0.14695898678191066
2426,0.1657119638060988
2427,0.9888403994526205
2428,0.31941506178208046
2429,0.16395882010827234
2430,0.29059575523823655
2431,0.16281412986893615
2432,0.42158676334087813
2433,0.49978064424918367
2434,0.4462992143112069
2435,0.302305065583893
2436,0.1630799282349145
2437,0.2772137899752457
2438,0.41142924121080676
2439,0.12464266116480686
2440,0.7617656004545613
2441,0.7185557550857141
2442,0.2548377218289504
2443,0.8049248484015588
2444,0.6575121934949384
2445,0.6941233335035747
2446,0.20794670489395994
2447,0.48471069551599627
2448,0.6244728447300291
2449,0.24094516015508086
2450,0.1890653089593247
2451,0.36298141355797126
2452,0.2023540819440664
2453,0.16622648863448394
2454,0.559664383959155
2455,0.1540826924730337
2456,0.24904273627514756
2457,0.7976638325699639
2458,0.7326235523278959
2459,0.06253227941012535
2460,0.24409332516784057
2461,0.18999437572826602
2462,0.2858670895730652
2463,0.19185186404411544
2464,0.35833736254396986
2465,0.1983854488088795
2466,0.14676443378916684
2467,0.2778755556790931
2468,0.22267244583197135
2469,0.2271959938842096
2470,0.6943564349319977
2471,0.3136887113735833
2472,0.17623253490576662
2473,0.46823619666156807
2474,0.11814540649007273
2475,0.47741347266987855
2476,0.2787398785120797
2477,0.1908141372609031
2478,0.6705438956107521
2479,0.41058550939987687
2480,0.19632630105514992
2481,0.2673630158721488
2482,0.11510755451394397
2483,0.20274607357346833
2484,0.23213833619247204
2485,0.18108539981183894
2486,0.9154119853037498
2487,0.34030338599427606
2488,0.6008222330319458
2489,0.24122603032451093
2490,0.7196463414046751
2491,0.2669127314833237
2492,0.5556620762410072
2493,0.332378332223025
2494,0.27604407817657245
2495,0.17992607877028283
2496,0.263842596442437
2497,0.42867230863882355
2498,0.8216157887948811
2499,0.2753704283578755
2500,0.16872936700317667
2501,0.18139149586444764
2502,0.1278577079071311
2503,0.8197378914356623
2504,0.19903900104610212
2505,0.31519900377188337
2506,0.213841211030293
2507,0.2830053347650951
2508,0.135470022566904
2509,0.18421843670191662
2510,0.6111032479864769
2511,0.3080294341804581
2512,0.2015210817024355
2513,0.20881287017414882
2514,0.17528621840533126
2515,0.18084607534199193
2516,0.16081074233827544
2517,0.8072961342254715
2518,0.42334481489263176
2519,0.15383115992647384
2520,0.15178137016447824
2521,0.1920356501471127
2522,0.3014933797178892
2523,0.179700716575532
2524,0.20311224367744288
2525,0.15059586770186123
2526,0.507649762578739
2527,0.13172025798565362
2528,0.45978740445623684
2529,0.6512019500304997
2530,0.24043070493545646
2531,0.5639331523146112
2532,0.27109547972968406
2533,0.2064589486443991
2534,0.1673117348613723
2535,0.41076755570545376
2536,0.291500428995382
2537,0.17373761907724375
2538,0.19813797122000124
2539,0.8774240041128611
2540,0.22566910261440712
2541,0.1313966004678571
2542,0.3134990868390104
2543,0.36422375755998027
2544,0.22620830374178652
2545,0.2057303735010537
2546,0.08747677621486817
2547,0.16005689949789037
2548,0.4385965960087465
2549,0.17156265157866976
2550,0.19733456109534764
2551,0.20462903432474427
2552,0.1761874671375537
2553,0.2796296613017359
2554,0.18827484680467035
2555,0.23029501615877343
2556,0.2968598057793653
2557,0.23717650963023432
2558,0.39057778638459534
2559,0.38478602435059084
2560,0.2171471879567728
2561,0.12428260088529497
2562,0.3168504659224616
2563,0.17398517656204127
2564,0.34692401577933624
2565,0.3882006884350352
2566,0.21272520593364028
2567,0.46405029371523676
2568,0.43917974535817805
2569,0.27541618094920284
2570,0.27173383688105346
2571,0.37651123314277557
2572,0.3333481003077718
2573,0.16438689162582604
2574,0.23355532756031283
2575,0.22451499056514881
2576,0.19595059075202953
2577,0.23489638578066785
2578,0.14010137513874246
2579,0.17031293879314632
2580,0.46742233088876106
2581,0.7009308644760118
2582,0.1216743908596692
2583,0.3000492505074926
2584,0.5624432608241642
2585,0.191533247631661
2586,0.2713000599905726
2587,0.13970861603658172
2588,0.2268130673353299
2589,0.41390710520693086
2590,0.23517905731625663
2591,0.11133754242636061
2592,0.1978937833487449
2593,0.26542710564939365
2594,0.23044078569647702
2595,0.08312171650560171
2596,0.2920322005932316
2597,0.26803344690854264
2598,0.2218939010341829
2599,0.4812900131498144
2600,0.11608993055172524
2601,0.23599699094733412
2602,0.3287040926015996
2603,0.23216979965175388
2604,0.18123500841859783
2605,0.3425353066926599
2606,0.32331915261523536
2607,0.3598624335788612
2608,0.1382592931449688
2609,0.5925042328579104
2610,0.3448851377992668
2611,0.3486676153872569
2612,0.17055816874334448
2613,0.2842596680035633
2614,0.15121706534764198
2615,0.16811516798959097
2616,0.47755127786653406
2617,0.19363800911314408
2618,0.18112778690245815
2619,0.3042491229533288
2620,0.20707268024182185
2621,0.21248671502963268
2622,0.22820248068451726
2623,0.1841449761986874
2624,0.1826510566196254
2625,0.19858581219992008
2626,0.14803251847468307
2627,0.18972634553766168
2628,0.2907889808972494
2629,0.42535609097722193
2630,0.19197704841143853
2631,0.7176704803710405
2632,0.27697733210619957
2633,0.20421385192490665
2634,0.16633613456161048
2635,0.24454435869381688
2636,0.17166381527363656
2637,0.10298039254983579
2638,0.06668777991065362
2639,0.30741273881536396
2640,0.1827880030886592
2641,0.21855536247658572
2642,0.16979439003967145
2643,0.22222835590698548
2644,0.21425135734710038
2645,0.23842789456765504
2646,0.2581787809494231
2647,0.5758003528754384
2648,0.32526804631420014
2649,0.19901603443632648
2650,0.14295258770247984
2651,0.13675728244788776
2652,0.7963941917942065
2653,0.5530476991102632
2654,0.34284049940916234
2655,0.18142907470168473
2656,0.15956791820741734
2657,0.7691334955110118
2658,0.21768290318613065
2659,0.7976486448578688
2660,0.13901170979842145
2661,0.12068752905810459
2662,0.5335292203321097
2663,0.6127874904895415
2664,0.1788330446339678
2665,0.32173229180888885
2666,0.38733718584382776
2667,0.24098287367491775
2668,0.1357537631216986
2669,0.2830889660819583
2670,0.8778454718421815
2671,0.09771976052964776
2672,0.13626157392968047
2673,0.2403787217321251
2674,0.42266693584600146
2675,0.3491072865521135
2676,0.25539611375019805
2677,0.2581956257345136
2678,0.14267109789023957
2679,0.2801971116342335
2680,0.30553251976585205
2681,0.15003267189857283
2682,0.5072626969617697
2683,0.16642362846677203
2684,0.18362409558467582
2685,0.10538545289659536
2686,0.24692700267693357
2687,0.26903612448367564
2688,0.23791587255815927
2689,0.819948913575505
2690,0.17045163791447737
2691,0.2031567215836992
2692,0.5956336001888112
2693,0.340790406775424
2694,0.1312683800141396
2695,0.15249235647101525
2696,0.15074520416144202
2697,0.21284226653733088
2698,0.1590319516486976
2699,0.28303952604784355
2700,0.2897450445866879
2701,0.19137883039989742
2702,0.23021889656218303
2703,0.724948403042811
2704,0.3344537758279069
2705,0.2847095538945465
2706,0.47028444009418097
2707,0.10912859149294528
2708,0.26176165757318126
2709,0.42712878356312506
2710,0.16343138584746592
2711,0.28044969021460514
2712,0.21408634418340128
2713,0.17760804517532888
2714,0.7752108417820502
2715,0.3854238005883428
2716,0.28787533322202064
2717,0.21297643046015197
2718,0.2318673697470776
2719,0.31637897495542844
2720,0.22555141068118617
2721,0.5492014503274407
2722,0.22292670984362029
2723,0.22335416298422228
2724,0.6233949912014849
2725,0.5227906356947319
2726,0.3190486333257969
2727,0.2414222904466321
2728,0.787143400962339
2729,0.14856692558379037
2730,0.2800361607835425
2731,0.7905440653386923
2732,0.21598958712207286
2733,0.2537082086586111
2734,0.17484024721070865
2735,0.36172324881439455
2736,0.15064359172996755
2737,0.15790911581364403
2738,0.24852925158222844
2739,0.3026024236238053
2740,0.25839988011037
2741,0.1803880867072884
2742,0.2802212423195224
2743,0.802070664679087
2744,0.2542099443269677
2745,0.3599256920687953
2746,0.6228362660937945
2747,0.22234659622129183
2748,0.1609858877488382
2749,0.11785892193134542
2750,0.6118739801224052
2751,0.6835968086294327
2752,0.48700748111466907
2753,0.18725241590415045
2754,0.1988148892170508
2755,0.15888385121564685
2756,0.1767450259771007
2757,0.21899569159768878
2758,0.2286727158175678
2759,0.20912366463164075
2760,0.7579843067755786
2761,0.34374136598269656
2762,0.19228662819139997
2763,0.18578733708833323
2764,0.20466984564495672
2765,0.1538206952402631
2766,0.10377297473538984
2767,0.1659781485826651
2768,0.18795517888598692
2769,0.175786731122267
2770,0.5897461555524351
2771,0.1746085023516138
2772,0.1677137743889947
2773,0.15507972214925528
2774,0.19587569701313204
2775,0.7816259582809123
2776,0.9078084913214721
2777,0.20873672020242925
2778,0.23471675970590575
2779,0.14584537810142242
2780,0.2514102072520503
2781,0.47020960146937535
2782,0.1598226286006834
2783,0.19015182282708515
2784,0.14317531980973294
2785,0.12397893826100041
2786,0.13676220201005024
2787,0.36050080681534025
2788,0.1470399481135513
2789,0.179743378179354
2790,0.6306006321977908
2791,0.12742964429196887
2792,0.5082437337879483
2793,0.15716675879838526
2794,0.09649318226425897
2795,0.1428722658384915
2796,0.3162633539963073
2797,0.14924254429298237
2798,0.11404436393480624
2799,0.1761848068982635
2800,0.33355623730983264
2801,0.6503824263095184
2802,0.7401021923639686
2803,0.2820632268039038
2804,0.17906225041929236
2805,0.2558956229492532
2806,0.20927171125048083
2807,0.1371322444510637
2808,0.3935264336290979
2809,0.17471036631879241
2810,0.23988836587729867
2811,0.6226503568525239
2812,0.14969273925675816
2813,0.21820471989957074
2814,0.5772286403033844
2815,0.16696232032014777
2816,0.16445090576033447
2817,0.9116602071697456
2818,0.26428911976119385
2819,0.42840983858645015
2820,0.18203993319927456
2821,0.2226616508651437
2822,0.30888177293549923
2823,0.23279965920566295
2824,0.14492769421630944
2825,0.6168765698118864
2826,0.2312975161190878
2827,0.15784991422086556
2828,0.12787820602575453
2829,0.20167299576453768
2830,0.24086791006179126
2831,0.907537971313575
2832,0.19543634749125582
2833,0.3112861952552462
2834,0.30672156526465866
2835,0.30117359671692
2836,0.18321746850519594
2837,0.5000459036680543
2838,0.11686710085281432
2839,0.20222322318148286
2840,0.8918094939015156
2841,0.26783335378581874
2842,0.32356937874130187
2843,0.10021124087853717
2844,0.20900590060795315
2845,0.15310279499552934
2846,0.274021912764736
2847,0.20834893046426506
2848,0.24311112628910453
2849,0.12613662092498434
2850,0.2440711210589428
2851,0.1931863976545794
2852,0.21640334013120846
2853,0.24806128919633758
2854,0.3710536929750729
2855,0.5821605844573837
2856,0.11500196433685696
2857,0.43053147147888415
2858,0.5049491897737903
2859,0.23230966128109667
2860,0.37032511264812373
2861,0.191997047958594
2862,0.14003485173407124
2863,0.2080097284508791
2864,0.28009926763520737
2865,0.18020838256492375
2866,0.24004013916509384
2867,0.35565182264356315
2868,0.24024086895948807
2869,0.22013094436439465
2870,0.22161202627381868
2871,0.23548715620695604
2872,0.11808031267202287
2873,0.19342790846636582
2874,0.3060053396186158
2875,0.23795452661007693
2876,0.7027236038774316
2877,0.21646636784851658
2878,0.21637556924397042
2879,0.22016680241005138
2880,0.3534588299075223
2881,0.33306820886363897
2882,0.5011045166715349
2883,0.22931261461556215
2884,0.1758199681229746
2885,0.226068654738707
2886,0.13871642833229467
2887,0.3954651961937462
2888,0.3735201545076855
2889,0.22277353343162368
2890,0.2503026239602624
2891,0.15921744617239522
2892,0.1023484690470638
2893,0.69674752750828
2894,0.3576009451683606
2895,0.5076581372637576
2896,0.08077669379800125
2897,0.6512861070469941
2898,0.19546887330275287
2899,0.21100148712336236
2900,0.19206286558525343
2901,0.7385441350090655
2902,0.2788688460209011
2903,0.1936811338259281
2904,0.18864850453257945
2905,0.34562992106945534
2906,0.1639224461128739
2907,0.14934666669144314
2908,0.3190486333257969
2909,0.21397817372213376
2910,0.6613507355530621
2911,0.9317904211693846
2912,0.3200457002282656
2913,0.1527797298881179
2914,0.9888403994526205
2915,0.10241386682561154
2916,0.22866767831260937
2917,0.21285925977855785
2918,0.06488165070378647
2919,0.15829026918765737
2920,0.163806856645131
2921,0.1256249797727393
2922,0.20624593578639971
2923,0.1813931826404285
2924,0.13153650331428887
2925,0.1558025422870054
2926,0.3243331625092269
2927,0.37496021222699716
2928,0.19967548149485678
2929,0.24864861331010438
2930,0.2525996434742311
2931,0.1962599271717983
2932,0.5134029925150134
2933,0.28764251173142924
2934,0.12107226868280589
2935,0.19574975800654104
2936,0.2709778821278446
2937,0.13771491871035685
2938,0.12340701603423528
2939,0.2498107856049849
2940,0.7021001524904145
2941,0.2672007733966294
2942,0.3114915926925027
2943,0.16561389475305
2944,0.1891739577269177
2945,0.4058908435919094
2946,0.12955884274088902
2947,0.19945892296770845
2948,0.16871586634661137
2949,0.36683102042461857
2950,0.23716808089741667
2951,0.7477781573436197
2952,0.2824506691131554
2953,0.27110239714784123
2954,0.20048067756526963
2955,0.7280115569256977
2956,0.30022182908575484
2957,0.4418645411386097
2958,0.26051501197370874
2959,0.15267361887754768
2960,0.2177679932163557
2961,0.35813654233260883
2962,0.2023671606710292
2963,0.2408947919447306
2964,0.18491047406379305
2965,0.29869232275341023
2966,0.19837602132474744
2967,0.731019858376502
2968,0.3398780667053399
2969,0.21753460339522288
2970,0.16887836757322677
2971,0.2131660460285397
2972,0.17794595423112955
2973,0.21782398282734688
2974,0.12891519566589085
2975,0.27031940735404997
2976,0.11660378532902488
2977,0.20456081301888132
2978,0.08939244346279453
2979,0.3533391845148249
2980,0.13073959646039934
2981,0.12985432612848247
2982,0.4094649475812831
2983,0.1575442232759257
2984,0.44535450207672794
2985,0.2393170068905526
2986,0.16363590180400214
2987,0.6654020410793753
2988,0.25530916563273975
2989,0.5728133553736336
2990,0.15081522465351996
2991,0.19514896932928327
2992,0.237324308435473
2993,0.16796934478459108
2994,0.23816628590094693
2995,0.23937595003743384
2996,0.20954279719034916
2997,0.18343051738967658
2998,0.7303863540026644
2999,0.34394473322911145
3000,0.2779125168781544
3001,0.21054681308172166
3002,0.15845598745452413
3003,0.2724988209427222
3004,0.713702799935067
3005,0.6583405373120761
3006,0.2823021098797954
3007,0.23227274411334317
3008,0.32906438345476297
3009,0.35553831415483417
3010,0.2988793429256546
3011,0.5723068092099819
3012,0.826485123543515
3013,0.25963775348702145
3014,0.25979795480652257
3015,0.14776098902026066
3016,0.3689720072464539
3017,0.21913627295358276
3018,0.23838842305630112
3019,0.34247266573977664
3020,0.30875502334295113
3021,0.28599964670114014
3022,0.34419989043729055
3023,0.22489456874879882
3024,0.2375938176919435
3025,0.18096093650807457
3026,0.22036984108358565
3027,0.8064609022060606
3028,0.6234194975681777
3029,0.4132755008101861
3030,0.898455851296366
3031,0.24489828313881326
3032,0.6765128972061298
3033,0.2861352328769483
3034,0.9190859157206227
3035,0.2210734736168097
3036,0.20713152384098868
3037,0.22983809402382738
3038,0.18569217129838964
3039,0.19369857203339108
3040,0.29011266905710953
3041,0.27664172507263096
3042,0.13203872559800592
3043,0.2471319192656022
3044,0.44840681309662905
3045,0.21598170220442164
3046,0.25635082158214517
3047,0.12501963713722175
3048,0.15721809233765568
3049,0.21666421847215425
3050,0.26877006923159824
3051,0.5367378081376527
3052,0.4593200905270385
3053,0.1813899283972
3054,0.2703098529015572
3055,0.17825664063980895
3056,0.9888403994526205
3057,0.7897409587399686
3058,0.5577306070224206
3059,0.3395462138837536
3060,0.2232371668651361
3061,0.2639523369513634
3062,0.626102175077795
3063,0.23617177375211076
3064,0.3031200715793931
3065,0.2812633619126776
3066,0.21438521869168609
3067,0.2542794194248084
3068,0.1715104242231118
3069,0.6823160702647016
3070,0.17483848141905703
3071,0.2067921731983779
3072,0.2698972701802414
3073,0.2720556127463164
3074,0.3362653270931426
3075,0.14074388629968557
3076,0.37968395151034345
3077,0.16337665851090002
3078,0.20275899581902204
3079,0.2658080773285051
3080,0.5943066174791746
3081,0.6863140793490826
3082,0.21482155668994252
3083,0.6811213328174438
3084,0.5329626406198552
3085,0.2366558640996661
3086,0.6369866890291512
3087,0.21936742027398543
3088,0.27049613408847567
3089,0.1896365263523035
3090,0.3457576794165292
3091,0.1731075486826269
3092,0.7426870962022313
3093,0.39663350857626917
3094,0.5451605489390277
3095,0.2825999068764586
3096,0.1856878072528031
3097,0.2571799953287483
3098,0.7363813502143901
3099,0.1495922191956385
3100,0.4985629663178366
3101,0.21012849100758432
3102,0.23523864916970563
3103,0.20947391258311052
3104,0.20484846354609146
3105,0.1705985526268405
3106,0.9888403994526205
3107,0.14473094716487864
3108,0.30928550213211753
3109,0.23470119520329977
3110,0.11390440566369926
3111,0.5327963919595432
3112,0.940755402082813
3113,0.23330147361887818
3114,0.21755558268076505
3115,0.1521410844651415
3116,0.24941207353945394
3117,0.20730931564776942
3118,0.5144402578040969
3119,0.1860339295795212
3120,0.28234102860067134
3121,0.19734917022349874
3122,0.20435915884915978
3123,0.20423989312780066
3124,0.3347883102295261
3125,0.1479850095439464
3126,0.24548814106496233
3127,0.2054914953806121
3128,0.13246076028699025
3129,0.3127073492845197
3130,0.9057553096700658
3131,0.3178091114532475
3132,0.10417579228870538
3133,0.20489568357964313
3134,0.19839143345852267
3135,0.06021016000075185
3136,0.2632177696705929
3137,0.22556186085524496
3138,0.29429279668908886
3139,0.2722278519891408
3140,0.22856945144017463
3141,0.7091255335545048
3142,0.12278407412729153
3143,0.23121035206124177
3144,0.22868893543795982
3145,0.15319000832390106
3146,0.22389379889879676
3147,0.5911705250679673
3148,0.21865462040223146
3149,0.18183483003901582
3150,0.18639663012604607
3151,0.33301577558847756
3152,0.2813034548230014
3153,0.17727199270112426
3154,0.15891331413790025
3155,0.2717309028234742
3156,0.23109693826033534
3157,0.15496515172576858
3158,0.2833594271184656
3159,0.5518796941349708
3160,0.21777752891028568
3161,0.21278779183866892
3162,0.2726039965405429
3163,0.726642942605721
3164,0.18729227672689794
3165,0.55767687121284
3166,0.17832992202794082
3167,0.26624914812996825
3168,0.40873795135159463
3169,0.14084041099333924
3170,0.18360325226961555
3171,0.135696225389813
3172,0.5841277212264595
3173,0.20842630840810084
3174,0.26565804462009074
3175,0.22116301535034394
3176,0.6133676026702459
3177,0.3528981789879389
3178,0.13855419290535875
3179,0.24812984064828367
3180,0.4323082451631879
3181,0.39539179551487713
3182,0.21283330885846555
3183,0.208534085322979
3184,0.347284082539473
3185,0.43375288658137445
3186,0.14822449204456184
3187,0.2378284516220053
3188,0.30502794548287965
3189,0.3451822964779974
3190,0.13136350263445273
3191,0.2156854482846445
3192,0.13466784770141996
3193,0.18600016358426863
3194,0.2614457796709007
3195,0.1736164655499327
3196,0.21810955605457502
3197,0.1809991237858308
3198,0.5034593124760054
3199,0.38835419261196946
3200,0.4044768496413207
3201,0.17056528162750967
3202,0.24541363460765675
3203,0.8652153689902327
3204,0.6046797687400253
3205,0.5320144646078145
3206,0.0467032504055734
3207,0.21579713996963218
3208,0.727164015386098
3209,0.25129841798215774
3210,0.21950689653867766
3211,0.17691140894778298
3212,0.14206140432918005
3213,0.31818553723368087
3214,0.35489536428282936
3215,0.13174082937194567
3216,0.3219433767396109
3217,0.16828680059647433
3218,0.2297341334933884
3219,0.17554952341690733
3220,0.3116574701714311
3221,0.3200934292126478
3222,0.20218989377258678
3223,0.3190919978177127
3224,0.19252031671024794
3225,0.4315232361710322
3226,0.28746574842544426
3227,0.12305821158692412
3228,0.18550528945768344
3229,0.27342244641167085
3230,0.34219086867433207
3231,0.27343266284734524
3232,0.25739417917430846
3233,0.36566014557308524
3234,0.11195878907572926
3235,0.251894405813706
3236,0.25255300716027185
3237,0.2027933423951971
3238,0.2751191287866924
3239,0.17781484985109378
3240,0.5289384508506304
3241,0.17185812627257943
3242,0.15965903038702364
3243,0.21236291297615167
3244,0.17597178811872607
3245,0.536643110315094
3246,0.16576518204320048
3247,0.5777653932222648
3248,0.197290703019621
3249,0.36449215750399866
3250,0.6969769012177982
3251,0.34862580323985726
3252,0.189979853133899
3253,0.18774942669108888
3254,0.1619154423428457
3255,0.8491937735057619
3256,0.25363168966822514
3257,0.7008009782915252
3258,0.27187412143014617
3259,0.19700757837419006
3260,0.2717350278339822
3261,0.1548498171769913
3262,0.9667412708273054
3263,0.2317120322944001
3264,0.4409831393578471
3265,0.2280825095002621
3266,0.6081630419323812
3267,0.22909418104545648
3268,0.3313155372835932
3269,0.33039242249077727
3270,0.17735964820132652
3271,0.3190486333257969
3272,0.863859529073998
3273,0.17080680181394992
3274,0.3013129876900866
3275,0.16259496876338267
3276,0.28787875223725945
3277,0.27480276852239466
3278,0.5354867407734079
3279,0.2906166934378033
3280,0.29419207203542114
3281,0.25808883988044007
3282,0.5088996753048185
3283,0.13523637043457107
3284,0.19825418954786295
3285,0.5664228713910314
3286,0.3088083594998781
3287,0.6521705100375423
3288,0.25415834171919754
3289,0.17954554668710435
3290,0.2410879781715496
3291,0.19783151653785794
3292,0.3989025450692328
3293,0.22136580329588174
3294,0.1481535394522853
3295,0.41558017951569803
3296,0.17461677021086489
3297,0.23417628653067335
3298,0.16978219488200774
3299,0.14505247742569272
3300,0.17683166923628285
3301,0.24410465767822728
3302,0.25220878721045803
3303,0.27388062876576746
3304,0.1882088020826312
3305,0.2240669506758304
3306,0.40098510717441965
3307,0.26112117370659776
3308,0.4037096703627645
3309,0.38067273959181713
3310,0.1944865851279548
3311,0.20773270834369267
3312,0.6462330567977341
3313,0.3357212747962056
3314,0.24578829633982208
3315,0.33338842442884203
3316,0.15581319991291462
3317,0.2773882784088193
3318,0.21003488274116583
3319,0.3044418548334664
3320,0.22241206652653345
3321,0.14236053865841589
3322,0.12666445244939478
3323,0.22564790996916567
3324,0.2897392448609787
3325,0.2935548961832277
3326,0.33592163874751274
3327,0.7803752278316354
3328,0.19675744564996525
3329,0.15712813971639306
3330,0.603183897620665
3331,0.31596560341911845
3332,0.1761576815832785
3333,0.22505560730935506
3334,0.06382311427207671
3335,0.16072660394850877
3336,0.45111093123281376
3337,0.2766825811674917
3338,0.3870133904613122
3339,0.2070386526297116
3340,0.2516418247425231
3341,0.6055606873365156
3342,0.136492985035512
3343,0.19540958791494914
3344,0.2437012186832803
3345,0.13930960321965744
3346,0.3736751462262704
3347,0.13546087235564033
3348,0.4352249283819464
3349,0.29923983097179596
3350,0.16471349262223614
3351,0.5554594591128605
3352,0.4858619385237953
3353,0.18914796704082673
3354,0.18244956213440672
3355,0.1910609491725376
3356,0.16626362064958486
3357,0.37381922528450723
3358,0.32843728488218504
3359,0.16166150919575492
3360,0.9557356718453273
3361,0.08397233604249306
3362,0.24704121686403985
3363,0.14694238889604602
3364,0.19609378109738404
3365,0.19326181840208506
3366,0.2563773135118238
3367,0.23619298549110548
3368,0.3376058139524266
3369,0.6764011948360382
3370,0.240197451833003
3371,0.2084496945102488
3372,0.5052791994537618
3373,0.31269843375733525
3374,0.22770945528568723
3375,0.18318499889255865
3376,0.2925849889888181
3377,0.7515382025108935
3378,0.22921935066635196
3379,0.14960398953325402
3380,0.283303696906519
3381,0.2714648357139651
3382,0.21530880943871036
3383,0.29789398709610193
3384,0.6866021128577872
3385,0.12290581437910779
3386,0.20957902631393854
3387,0.21038596325084064
3388,0.2028898834674738
3389,0.48352759830544373
3390,0.24055910275720602
3391,0.2695538353750651
3392,0.4887280742150031
3393,0.23217152876921882
3394,0.23812140402267368
3395,0.26234774438092207
3396,0.22772402327276797
3397,0.26212857382134647
3398,0.1707834669994921
3399,0.2740606721919044
3400,0.1832629291578166
3401,0.328070527681522
3402,0.21007514074206884
3403,0.26765555475773073
3404,0.5355053064223958
3405,0.11670388915340252
3406,0.1871726366893773
3407,0.33463078111499334
3408,0.3520625147839105
3409,0.3118446405760965
3410,0.16323400754877324
3411,0.2892440054734255
3412,0.29033903992198135
3413,0.176142606581091
3414,0.46483922835953395
3415,0.3146125901320475
3416,0.18570971588415874
3417,0.2313588209983742
3418,0.21859123625515292
3419,0.3505404820961549
3420,0.18836118975389135
3421,0.22678773728523877
3422,0.25675684534234716
3423,0.19552039239456845
3424,0.1940779607051133
3425,0.201723964360815
3426,0.3037786356000573
3427,0.2856887896512326
3428,0.256325244090278
3429,0.3127256218407304
3430,0.7367394391123123
3431,0.5591192063297955
3432,0.1527996888948968
3433,0.20607637537801882
3434,0.22639977908065245
3435,0.18047071652612895
3436,0.4152220216887664
3437,0.2747057827074257
3438,0.20582388642370888
3439,0.2770660182424836
3440,0.21715274895241685
3441,0.1763589789484725
3442,0.32654962268276133
3443,0.3761640183960725
3444,0.26866170217404606
3445,0.43140841702905336
3446,0.19692793541382678
3447,0.6555191126323974
3448,0.18957427438754967
3449,0.21533730397982728
3450,0.10328684430622959
3451,0.24381407731230617
3452,0.2812738491396631
3453,0.15185173636327323
3454,0.18309839850506263
3455,0.3422059682903677
3456,0.6026825311683076
3457,0.11945410991966816
3458,0.21550216945269607
3459,0.14963317911056365
3460,0.1726416940411841
3461,0.11683641932405817
3462,0.41138528884259323
3463,0.3896917976950295
3464,0.53719134798396
3465,0.1968806341043779
3466,0.5547933863348536
3467,0.1791956125979109
3468,0.15802763887834845
3469,0.9316076149992011
3470,0.2265178151642105
3471,0.2278829125864492
3472,0.4752790315349958
3473,0.2227056605040362
3474,0.2205890875462271
3475,0.23087355249621858
3476,0.15016528470376
3477,0.3059161605004179
3478,0.3190486333257969
3479,0.2580777833324317
3480,0.23776334122059686
3481,0.1887287094134462
3482,0.1776698624197185
3483,0.24587511066006953
3484,0.26893279263790304
3485,0.3307408597523577
3486,0.1935464978898997
3487,0.22258801410771276
3488,0.2204943767718843
3489,0.4502252098799906
3490,0.3897432574128802
3491,0.40993092327103864
3492,0.4451931919665113
3493,0.23215761121358677
3494,0.6315930931580749
3495,0.2629476600066958
3496,0.2812977972959466
3497,0.4416724524727498
3498,0.23870225060519526
3499,0.4271296270078813
3500,0.6889371398856312
3501,0.13877696908821335
3502,0.09529452167798386
3503,0.13635606360091274
3504,0.36334421366812897
3505,0.18447111747372966
3506,0.2742945492396136
3507,0.6159608869763128
3508,0.8228863106824346
3509,0.9888403994526205
3510,0.15331010104121934
3511,0.3079493245751353
3512,0.3434540749006544
3513,0.21558501927679724
3514,0.1806080863942254
3515,0.191080774986379
3516,0.25692127891188005
3517,0.6887538211550276
3518,0.4175901717865976
3519,0.38198462506866765
3520,0.12137724809108182
3521,0.13475882764846178
3522,0.8764872061421229
3523,0.28196580267387555
3524,0.19219620253959468
3525,0.7869528216052446
3526,0.10244476166347344
3527,0.940755402082813
3528,0.16078114578504424
3529,0.2563004941780358
3530,0.8309264862524408
3531,0.1102163747821911
3532,0.9879410832760371
3533,0.16569370239685133
3534,0.16444508322552784
3535,0.2694595400268287
3536,0.3298329989322511
3537,0.25236176441817354
3538,0.2769494257500961
3539,0.18388199170379932
3540,0.2302261621017441
3541,0.22923962893686173
3542,0.14249438297782913
3543,0.7309641462198041
3544,0.18448223588385673
3545,0.2606281699369001
3546,0.1454003315311919
3547,0.2280727655782274
3548,0.19067366339543315
3549,0.4304905934234721
3550,0.35267641041944414
3551,0.2515169500883512
3552,0.23336473758711884
3553,0.0886464102347345
3554,0.18653300921613364
3555,0.336428395534909
3556,0.7218942122779932
3557,0.21241905179526097
3558,0.11229858003729018
3559,0.3935939410993977
3560,0.9888403994526205
3561,0.3895615647222398
3562,0.22404850918304378
3563,0.3789406351801893
3564,0.3119931261080343
3565,0.3547654644329493
3566,0.31102033793697986
3567,0.20569921300448155
3568,0.554455538113755
3569,0.1892797484431878
3570,0.20389495724736764
3571,0.15618208662403282
3572,0.2983558278344134
3573,0.7612229782616994
3574,0.4890434250179407
3575,0.31428579525598704
3576,0.4279568998639786
3577,0.15106427596105934
3578,0.11599681521570769
3579,0.3696000030003074
3580,0.6741086850456465
3581,0.19263111997752796
3582,0.09618920418127498
3583,0.2445900094077284
3584,0.14602117196836953
3585,0.19635206624154727
3586,0.30102664474530316
3587,0.23398172798186087
3588,0.5655676743098066
3589,0.42710774588356937
3590,0.30497069800763466
3591,0.3616525046801156
3592,0.2387982053298675
3593,0.13682639530398216
3594,0.19139766628778185
3595,0.2773285787753885
3596,0.23371779230681172
3597,0.9089662651090387
3598,0.1820047359154523
3599,0.18720733139575715
3600,0.2945604923827033
3601,0.41342535170893735
3602,0.28086448566557676
3603,0.4670367480462631
3604,0.27953057805961135
3605,0.45511241305101857
3606,0.28439810049377157
3607,0.13753534553628097
3608,0.26007649575400266
3609,0.2846520004567892
3610,0.15783733756727117
3611,0.16633219086950693
3612,0.24352992557944583
3613,0.8582057182495935
3614,0.24485681483790347
3615,0.15141602428606454
3616,0.10405802246682908
3617,0.13675032212544896
3618,0.1813282320175892
3619,0.3190486333257969
3620,0.09121812131386081
3621,0.08678904876024182
3622,0.23100638956820807
3623,0.12298750145618248
3624,0.26891119780149964
3625,0.2060671960886693
3626,0.48203621837027616
3627,0.21951029584633178
3628,0.5241301396974206
3629,0.1696671778986434
3630,0.24260098032810049
3631,0.9888403994526205
3632,0.324225903423298
3633,0.17120125465772523
3634,0.15825952923047795
3635,0.23861718940950832
3636,0.16982771491841814
3637,0.16489782875831807
3638,0.5071984688914769
3639,0.21206117539294872
3640,0.26889964265419586
3641,0.12243014044284255
3642,0.22837122997592685
3643,0.268877499372844
3644,0.14250806243924077
3645,0.17442883623892408
3646,0.2344025234452714
3647,0.16033769346470023
3648,0.2998877347739264
3649,0.3279621200001683
3650,0.25964136969814955
3651,0.20922518347446054
3652,0.49013212967480757
3653,0.6109101305170395
3654,0.49844637488927934
3655,0.19792317025953468
3656,0.20235156637695298
3657,0.28264760860055804
3658,0.18498886415746743
3659,0.27301318855308976
3660,0.3533906518593645
3661,0.1795106070853487
3662,0.6704204839935493
3663,0.30126333159189944
3664,0.298255204715861
3665,0.1504052182500293
3666,0.2835040460371632
3667,0.4434505134632402
3668,0.20047746342773387
3669,0.48779135039131427
3670,0.15145295922861607
3671,0.14744016553996578
3672,0.24254516865158499
3673,0.6700301500273023
3674,0.11267465076694022
3675,0.15786313852756412
3676,0.7036922443989033
3677,0.16753838219152134
3678,0.11388542872803684
3679,0.24578438759249582
3680,0.3720931729239005
3681,0.8275419500300718
3682,0.30699112879504586
3683,0.20526707023767082
3684,0.7630817860085074
3685,0.21298383144868904
3686,0.9879410832760371
3687,0.22542237528916229
3688,0.3378031585743809
3689,0.15197934370556498
3690,0.06687320533988106
3691,0.24832371540157944
3692,0.2311269062263029
3693,0.26202658761671466
3694,0.2801851254179055
3695,0.26176529180259567
3696,0.9879410832760371
3697,0.2738230096981684
3698,0.8380436792308786
3699,0.24030919384336713
3700,0.23172416701151863
3701,0.1955281753984092
3702,0.1599985561490629
3703,0.1729523353857854
3704,0.17060138872360994
3705,0.23875538469112192
3706,0.44112524627196165
3707,0.22289193587226677
3708,0.18197186324408005
3709,0.2005721228109345
3710,0.26897976614749447
3711,0.1781899160054606
3712,0.2678659917675606
3713,0.18234570379334739
3714,0.19944134365246494
3715,0.16122560706134811
3716,0.495057404512324
3717,0.2215249445459703
3718,0.09454228425278287
3719,0.37562825839087677
3720,0.28187333910185763
3721,0.6959340146703256
3722,0.08244203027791222
3723,0.8606222675657421
3724,0.23449692133376723
3725,0.458714121590558
3726,0.5346120931795183
3727,0.21665576478102666
3728,0.8839088350656673
3729,0.15551909046284917
3730,0.5950470879683821
3731,0.7808262795812128
3732,0.8175429296833462
3733,0.7318983067255649
3734,0.43090370125765237
3735,0.19976061801130168
3736,0.5478857382879222
3737,0.1900975443773779
3738,0.2099631815961464
3739,0.1932072315305478
3740,0.3747834943082097
3741,0.5346527123623671
3742,0.4689716115278893
3743,0.4213246997524768
3744,0.507464053016994
3745,0.2348367188247269
3746,0.33445148914014955
3747,0.4363762636983316
3748,0.2111473005428615
3749,0.12058191098937601
3750,0.9485273771039587
3751,0.33851069911200293
3752,0.1374740301875374
3753,0.5303691812107559
3754,0.9879410832760371
3755,0.18334539276746756
3756,0.4994716930254272
3757,0.15392947262520856
3758,0.24011285531177134
3759,0.13716442742351018
3760,0.5235149942355429
3761,0.16676788009336035
3762,0.2241083309088188
3763,0.11680533537040103
3764,0.2096804547011725
3765,0.24613162493359886
3766,0.176409018461528
3767,0.18155505573385508
3768,0.5248415355550007
3769,0.18776453724071562
3770,0.20622061432995145
3771,0.26892442099420555
3772,0.15416233774981608
3773,0.3535651224960324
3774,0.24876308286208032
3775,0.20555696053477443
3776,0.25249815769491807
3777,0.4128662071393645
3778,0.19800113808600045
3779,0.22311474587247107
3780,0.2586837589139085
3781,0.14705878380206183
3782,0.17042054815542518
3783,0.2043869733708064
3784,0.27898982562008295
3785,0.24967822409910842
3786,0.23682295963455724
3787,0.38111824273869344
3788,0.18869510845759754
3789,0.2067425794849565
3790,0.2719880231962099
3791,0.38789381130865586
3792,0.30095445570862733
3793,0.24758386069457045
3794,0.2412109043987118
3795,0.23658590243842653
3796,0.1837757877362973
3797,0.3684457593451032
3798,0.15297215148115123
3799,0.18600872810087538
3800,0.18851849076732677
3801,0.15584367397744622
3802,0.26081049287880853
3803,0.23122741397142504
3804,0.11424856886059392
3805,0.7607427782885331
3806,0.4198855438066855
3807,0.23587223268581045
3808,0.1611240777098041
